"X1","X2","X3","X4","X5","X6","X7","X8","X9","X10","X11","X12","X13","X14","X15","X16","X17","X18","X19","X20","X21","X22","X23","X24","X25","X26","X27","X28","X29","X30","X31","X32","X33","X34","X35","X36","X37","X38","X39","X40","X41","X42","X43","X44","X45","X46","X47","X48","X49","X50","X51","X52","X53","X54","X55","X56","X57","X58","X59","X60","X61","X62","X63","X64","X65","X66","X67","X68","X69","X70","X71","X72","X73","X74","X75","X76","X77","X78","X79","X80","X81","X82","X83","X84","X85","X86","X87","X88","X89","X90","X91","X92","X93","X94","X95","X96","X97","X98","X99","X100"
69,17,50,41,39,35,25,12,33,4,53,15,29,51,88,93,86,66,54,98,40,56,85,78,73,49,43,5,94,21,26,58,61,80,47,52,23,76,27,95,18,74,64,14,67,45,96,63,9,44,10,31,34,7,38,84,72,83,2,75,16,82,68,79,19,1,20,37,87,3,28,65,81,59,24,92,6,13,55,97,42,99,77,11,8,91,70,62,46,89,71,36,30,22,100,57,48,90,32,60
12,30,52,21,60,61,43,65,16,8,73,79,44,91,55,37,50,46,77,6,34,35,19,3,41,63,80,22,57,87,11,14,76,38,32,96,40,58,75,27,24,51,71,9,56,74,85,97,88,39,33,49,1,26,36,84,72,4,47,64,15,66,31,42,98,17,45,23,100,70,28,18,92,68,48,69,13,20,81,2,7,94,83,82,5,99,25,54,95,29,62,67,89,53,90,93,59,86,10,78
68,48,37,34,2,3,74,54,27,99,92,50,11,28,35,84,14,45,19,42,5,17,78,82,97,13,7,69,91,72,63,30,62,55,4,49,29,57,60,9,23,20,88,56,87,65,36,18,25,79,47,70,32,8,43,75,52,51,31,53,100,59,96,44,71,67,58,76,16,10,86,26,98,40,66,38,33,64,85,61,21,83,93,95,77,12,24,89,1,41,46,15,80,22,81,94,73,6,39,90
27,20,97,26,87,41,88,95,57,14,23,69,55,73,89,76,68,91,72,62,60,56,7,24,31,82,50,36,6,34,96,15,1,30,74,10,33,80,12,5,39,70,49,48,53,35,90,17,71,67,43,25,29,81,65,45,9,54,44,79,42,51,83,99,63,100,46,75,52,66,47,77,38,3,11,78,18,21,92,84,22,4,94,59,2,19,85,98,13,61,40,16,37,28,86,32,64,58,93,8
99,82,76,2,70,94,90,85,11,7,3,22,54,16,48,91,29,9,17,89,51,75,77,5,60,12,19,83,61,33,14,23,53,52,97,47,43,63,69,46,1,44,96,93,35,45,28,50,20,15,26,32,30,67,39,92,41,37,6,86,34,31,68,88,58,87,56,49,64,62,4,55,13,80,21,95,36,8,100,98,40,72,18,78,65,25,10,71,81,42,27,24,59,74,73,84,79,38,66,57
74,33,80,11,76,72,57,1,38,4,35,82,7,14,52,46,49,92,60,69,34,15,93,10,16,95,47,28,30,73,91,39,94,68,100,56,12,29,40,61,43,63,13,8,23,53,75,36,67,2,32,41,84,58,81,71,22,64,24,9,87,66,26,21,50,83,6,42,54,25,31,77,86,51,97,98,19,59,99,85,5,27,45,79,90,18,44,96,70,3,20,78,62,65,89,88,55,48,37,17
71,98,11,96,61,19,93,80,81,100,40,55,67,75,46,22,10,44,56,33,23,2,26,72,74,49,92,36,73,6,53,5,58,43,41,79,27,28,17,69,3,20,45,47,31,16,24,94,77,65,9,29,90,63,52,25,83,66,87,1,51,95,7,38,88,12,21,50,99,76,30,85,34,68,39,15,4,89,62,48,14,42,78,86,60,35,91,97,82,18,37,57,84,32,64,54,8,70,59,13
1,8,17,72,22,63,91,67,12,48,41,18,71,50,7,80,42,45,21,65,62,37,84,52,20,77,93,100,15,29,49,98,95,70,59,64,27,40,88,5,54,6,13,69,51,68,82,85,47,19,55,25,92,16,2,56,73,11,87,66,58,57,83,44,74,28,61,24,76,96,35,10,90,36,89,23,94,9,60,14,39,78,46,43,26,32,97,99,53,38,86,3,34,75,79,81,30,31,33,4
6,72,56,23,28,85,98,37,68,20,9,70,71,92,74,95,57,2,8,58,10,15,64,42,29,75,1,34,50,96,81,53,99,78,41,100,47,45,16,89,11,66,86,73,40,52,27,4,17,30,60,3,88,54,97,14,51,38,46,31,18,82,84,76,63,91,87,22,48,65,83,5,49,12,21,77,62,61,44,79,19,94,36,25,26,39,32,55,43,35,7,24,69,93,90,59,80,13,33,67
13,4,26,78,5,37,43,88,40,49,71,54,62,18,83,19,51,57,22,32,34,15,21,100,36,20,33,80,16,52,17,27,6,35,45,74,85,68,79,69,8,87,73,89,7,39,47,25,10,50,48,14,64,65,90,9,63,24,2,41,96,92,23,72,94,93,75,55,82,60,61,66,28,58,3,70,31,77,97,56,30,46,29,91,1,84,95,44,86,76,67,42,53,11,38,99,81,98,12,59
71,82,12,1,77,90,61,95,37,52,58,38,65,32,27,50,17,63,8,73,31,33,44,83,79,21,28,3,18,62,51,91,66,81,7,64,20,13,68,15,34,74,2,30,35,85,36,22,14,89,24,45,87,11,69,72,98,53,75,49,25,42,39,56,96,55,94,23,80,84,4,76,47,92,57,78,60,6,86,19,29,67,97,59,10,40,70,48,16,93,88,26,99,41,5,46,100,43,54,9
20,16,77,19,82,10,51,86,56,9,48,80,2,45,92,96,15,88,62,99,32,49,42,54,70,22,6,79,68,25,1,91,24,85,40,28,5,36,58,7,39,78,71,13,44,26,37,46,41,53,17,3,57,63,69,35,97,8,12,100,33,21,74,52,89,38,90,30,72,94,29,23,73,64,67,93,66,43,61,59,47,27,65,95,4,14,83,87,84,31,60,18,98,81,34,11,55,75,50,76
18,72,49,14,25,40,79,29,95,50,4,53,46,15,7,26,48,47,11,51,41,44,10,65,80,82,8,1,3,42,92,94,5,30,93,85,28,22,38,23,2,84,39,21,20,61,83,60,13,67,27,16,90,52,71,73,9,32,24,58,74,55,76,70,12,56,64,99,100,89,86,62,19,81,88,43,66,37,78,63,59,68,34,91,36,35,98,6,45,75,97,17,77,54,96,57,33,69,31,87
35,72,28,70,27,18,41,21,100,36,39,95,13,58,23,97,85,80,63,73,98,10,33,9,4,68,24,30,11,74,90,40,87,83,89,64,19,17,51,67,56,76,38,77,6,20,54,22,48,8,75,84,26,16,62,69,78,49,29,3,43,86,57,45,96,42,1,2,46,65,88,81,82,25,5,92,34,99,61,52,47,32,15,59,55,14,12,44,53,66,31,93,94,71,50,79,91,60,37,7
51,16,97,55,75,32,62,91,45,5,1,82,23,37,88,6,76,99,13,53,39,90,30,93,72,17,20,66,11,64,70,9,65,31,44,95,47,36,40,14,35,85,27,87,61,73,58,67,52,54,22,81,21,48,7,38,77,71,29,68,12,24,10,33,98,43,57,19,78,79,63,59,84,34,56,86,18,26,41,4,3,2,89,15,28,50,74,8,100,60,96,46,83,94,42,49,69,80,25,92
35,9,62,17,15,16,63,75,76,13,56,68,69,50,3,14,66,84,5,87,85,82,42,30,34,45,26,88,81,71,51,49,70,72,18,54,29,64,57,12,97,78,40,100,7,32,48,33,22,95,38,28,60,21,65,36,83,91,96,4,79,92,6,31,27,8,1,93,39,99,44,11,23,20,58,47,89,90,43,94,24,73,80,10,2,67,74,52,41,77,25,98,37,61,19,55,46,59,86,53
35,58,92,26,1,20,31,37,43,34,57,14,24,54,47,2,4,55,17,89,21,8,3,38,18,76,74,53,7,44,84,41,22,85,79,67,28,30,45,23,19,96,62,56,9,42,75,100,36,10,93,69,71,11,90,40,80,16,39,78,51,65,94,61,64,82,29,70,98,95,50,63,49,99,91,32,77,6,72,48,25,81,46,73,15,60,33,5,68,13,83,27,87,59,12,97,88,66,52,86
39,57,98,21,36,20,37,99,46,94,79,77,33,72,81,55,52,64,16,68,18,11,44,13,67,5,8,34,70,10,65,71,54,89,41,87,4,84,96,2,74,58,51,14,49,100,23,32,45,26,80,73,93,7,28,40,60,17,15,59,50,62,9,47,30,48,25,38,24,66,53,83,3,42,78,19,92,95,22,86,75,85,29,63,27,31,97,61,91,69,1,88,82,43,76,6,90,12,56,35
79,14,34,25,36,26,70,60,44,97,8,57,53,43,39,81,78,94,9,58,54,88,84,68,31,21,17,65,51,37,6,3,2,67,93,27,7,20,80,24,100,40,16,47,5,18,66,55,32,96,48,15,99,42,77,4,82,23,29,63,95,56,46,59,87,33,98,11,69,22,19,90,1,30,13,50,10,62,12,52,49,92,38,45,86,85,74,73,89,28,61,41,71,91,35,72,83,75,76,64
33,70,37,4,71,10,88,11,3,77,73,49,98,65,2,59,6,30,42,86,18,22,47,34,32,96,5,91,84,54,17,29,67,72,79,90,9,64,16,44,45,55,92,63,39,25,52,56,14,12,38,68,35,7,80,74,57,69,24,53,58,83,85,97,66,41,75,8,27,78,99,23,48,46,87,1,13,19,51,60,15,62,26,40,21,43,61,89,36,28,93,20,81,94,31,100,82,95,76,50
85,65,82,64,30,34,71,18,13,14,8,88,36,98,42,60,57,75,50,1,66,55,56,95,76,90,5,52,63,73,41,45,79,59,67,9,54,21,51,78,91,31,22,93,87,43,100,26,24,61,3,25,37,16,97,69,70,81,17,84,72,86,6,2,96,94,44,92,23,33,35,7,53,46,15,83,49,28,40,77,10,89,48,74,12,29,80,47,27,68,11,39,20,4,99,19,58,32,38,62
53,3,73,76,35,6,92,20,12,66,18,61,71,90,19,64,5,44,47,72,65,67,15,89,79,38,1,55,36,43,25,87,74,99,60,75,26,86,10,2,8,82,57,58,40,33,69,7,21,4,91,27,88,41,93,54,97,96,11,100,48,52,37,95,80,70,46,59,9,78,98,49,77,68,29,14,23,24,42,56,17,39,94,32,16,83,84,34,13,28,22,45,63,30,50,62,85,51,81,31
59,54,23,97,4,40,65,39,18,68,25,90,7,60,38,6,36,67,63,43,93,58,52,22,32,11,29,82,64,100,85,77,12,70,10,80,31,8,48,81,17,73,9,13,49,74,96,21,27,45,42,95,28,41,99,55,16,51,33,91,87,94,19,72,92,24,75,62,56,15,98,20,3,78,30,83,5,35,89,71,46,66,79,69,26,1,2,37,76,61,47,53,44,34,88,50,86,14,57,84
66,64,9,6,67,41,94,73,53,76,57,85,46,11,59,34,27,39,24,48,69,13,58,99,30,80,33,65,87,1,42,96,84,49,18,91,93,3,92,16,20,81,77,40,14,36,61,8,74,26,15,54,98,5,95,79,78,45,2,52,31,28,75,86,89,32,97,47,22,21,37,44,35,72,25,70,90,62,82,23,4,55,29,60,63,100,50,12,17,88,19,38,7,51,68,83,56,71,43,10
30,80,56,2,10,62,69,92,11,22,12,65,24,19,27,49,7,23,51,6,1,44,5,57,40,29,21,63,94,93,85,83,59,73,68,91,42,90,45,25,32,16,72,66,79,86,54,31,82,87,75,34,71,4,74,28,33,81,35,64,37,38,41,100,48,58,8,70,98,36,39,18,61,47,60,77,78,46,88,53,17,76,99,14,43,15,96,95,84,50,67,9,52,3,20,97,89,26,13,55
6,74,81,71,38,4,60,54,20,25,16,19,87,96,39,55,26,94,69,59,14,67,97,72,65,82,34,80,89,15,78,49,2,32,27,57,70,21,95,12,99,58,98,84,46,90,36,62,28,52,3,24,48,11,73,61,86,75,37,66,88,100,79,10,18,31,91,7,8,43,51,68,50,13,5,92,22,35,63,83,1,85,64,56,77,17,76,23,33,47,42,44,93,40,30,53,45,41,29,9
51,76,65,60,85,10,32,4,21,53,27,16,46,95,15,59,40,55,12,68,94,20,45,79,13,30,57,93,56,24,8,54,74,47,33,28,22,7,78,11,42,84,2,87,66,37,23,61,81,1,6,50,36,29,98,43,5,88,91,18,49,90,92,89,100,44,64,39,41,63,58,38,80,86,62,26,72,31,75,17,9,69,96,83,25,3,14,77,99,97,19,35,48,52,71,82,70,34,73,67
55,8,38,37,53,61,98,19,68,58,9,93,11,5,92,25,69,32,45,34,36,47,39,81,21,97,44,13,3,14,35,24,16,74,79,99,30,20,18,60,26,75,29,95,80,46,52,91,76,6,64,40,12,17,89,33,50,96,7,28,65,10,48,72,73,22,23,41,67,94,62,43,71,57,66,78,100,51,82,90,56,77,83,54,4,88,85,1,49,31,27,86,59,2,42,70,63,87,15,84
75,4,21,2,53,86,6,31,59,11,18,51,8,69,90,13,28,72,35,40,47,99,65,49,56,46,44,62,74,87,7,1,27,41,19,79,20,12,81,5,64,100,91,76,34,57,45,82,26,93,77,61,84,70,24,22,96,36,3,68,9,66,58,30,71,16,78,32,15,67,29,97,60,38,33,88,63,80,48,23,42,92,10,94,25,43,37,17,73,14,52,55,98,50,39,83,85,95,54,89
76,89,90,18,92,16,93,33,67,9,7,63,23,1,59,24,96,68,45,35,75,2,62,42,60,12,21,88,34,98,17,55,65,80,79,86,100,5,52,10,4,6,20,49,50,46,38,43,53,83,30,99,44,8,95,81,48,66,15,56,22,13,77,31,82,74,27,47,97,54,29,39,51,14,36,85,73,71,37,91,64,87,69,19,41,78,70,3,25,32,61,57,11,26,72,40,94,58,28,84
7,34,62,3,70,97,73,93,30,96,39,21,24,19,40,15,100,98,23,33,85,86,42,36,32,38,68,27,78,5,65,35,84,94,72,80,49,55,25,51,9,45,56,57,6,53,16,64,20,66,26,11,59,8,44,71,92,54,2,74,43,46,91,81,50,76,63,75,12,61,31,60,89,82,17,28,47,48,95,69,1,77,88,99,37,22,41,58,14,90,10,83,18,67,13,79,87,29,4,52
3,90,100,17,54,12,96,93,39,52,56,40,85,46,38,25,13,68,2,67,27,5,59,69,10,75,7,70,31,26,18,36,65,33,49,32,37,1,14,64,62,24,50,84,63,80,35,51,4,79,53,99,58,20,98,78,91,6,11,95,34,45,73,94,86,19,82,43,29,97,47,60,55,88,23,41,57,15,71,30,21,87,74,89,61,66,44,22,81,16,8,42,83,48,76,92,77,9,28,72
75,27,93,6,33,53,15,89,5,56,28,92,45,84,94,57,52,97,61,44,67,35,68,66,74,1,22,8,37,4,3,58,55,12,78,50,34,86,14,39,24,69,49,80,29,2,11,63,64,85,60,42,83,26,88,13,54,38,77,71,19,87,65,30,91,48,47,72,32,51,16,31,10,96,70,46,25,79,73,59,18,17,82,90,21,20,40,62,98,41,9,7,81,76,23,95,36,100,99,43
72,1,13,44,76,88,99,69,66,57,12,78,74,73,27,56,49,87,8,84,100,10,30,5,77,79,51,47,98,7,11,33,28,75,35,24,45,55,91,4,82,41,32,14,81,46,26,71,93,15,50,17,18,59,95,20,86,40,22,80,70,43,42,38,94,83,3,54,61,67,36,23,68,58,37,89,6,39,21,65,64,92,25,60,9,90,85,16,29,2,34,62,63,52,19,53,96,97,48,31
19,30,95,33,65,34,58,31,80,13,68,10,41,79,23,62,40,81,39,24,61,12,5,15,78,20,7,4,60,28,32,59,1,85,49,67,14,57,43,53,2,48,44,73,17,86,35,25,71,87,16,56,92,27,52,63,99,82,3,89,37,90,72,83,97,29,26,11,93,96,6,36,70,55,54,42,88,21,98,76,69,66,51,84,74,9,22,38,47,46,75,50,77,91,64,94,45,8,100,18
89,91,20,83,53,3,100,6,13,39,29,54,87,47,41,84,16,31,35,19,71,2,43,50,80,42,26,28,4,30,82,8,21,66,92,60,22,33,69,99,1,38,44,34,49,93,61,9,15,57,46,5,37,36,86,25,70,85,10,96,90,88,32,24,11,76,77,97,23,45,55,74,67,58,78,81,14,63,40,73,18,59,68,72,27,56,64,65,98,94,7,48,79,52,17,95,51,75,12,62
37,8,74,39,15,41,23,1,13,47,79,43,73,86,83,36,34,30,28,31,55,71,48,40,69,17,6,27,75,90,66,44,7,65,84,81,50,14,67,33,11,68,89,4,16,32,77,29,22,62,57,53,38,26,63,100,88,46,21,76,12,24,5,2,35,59,91,10,25,87,42,45,49,98,80,99,96,51,70,94,9,93,92,97,19,58,78,61,54,85,52,20,18,72,82,3,56,64,60,95
95,51,93,52,88,47,19,15,23,24,14,42,27,21,53,16,28,57,29,86,31,99,59,2,43,38,9,39,89,78,6,34,71,18,41,61,74,5,10,65,22,97,33,3,40,1,72,73,25,98,82,8,67,83,60,76,90,87,45,64,26,94,70,35,30,50,12,46,49,75,4,13,84,17,100,80,11,69,44,77,37,58,91,55,68,56,63,36,48,79,32,62,81,85,54,92,7,20,96,66
81,37,77,19,30,29,73,62,43,41,15,75,45,4,57,6,38,53,11,76,14,9,35,99,85,1,18,71,92,22,70,13,44,2,25,64,24,39,90,46,26,54,82,91,31,36,66,33,48,100,93,65,34,78,79,83,23,68,74,10,8,5,60,67,80,12,98,20,16,86,51,61,72,47,3,84,7,58,88,21,96,32,63,69,49,55,17,28,42,59,87,40,27,97,52,95,94,50,89,56
73,11,34,14,2,54,30,85,87,57,41,72,9,62,4,100,69,64,8,29,24,1,22,81,61,3,15,77,60,44,79,76,28,80,68,63,47,5,86,58,67,95,99,20,12,48,92,39,56,37,36,55,19,25,45,90,89,88,40,16,27,59,66,7,98,82,71,51,23,94,31,49,32,53,84,91,43,65,33,70,46,35,13,52,18,93,97,83,17,10,21,74,38,42,50,26,75,96,6,78
2,73,97,90,35,7,46,57,55,61,13,44,49,9,85,95,45,42,20,22,71,28,43,76,92,21,59,72,24,75,30,36,56,31,88,96,60,10,39,83,19,93,8,3,84,40,11,47,29,66,68,26,81,37,87,65,79,41,27,32,64,54,99,80,94,62,82,15,51,14,4,52,89,33,12,100,1,78,67,50,5,86,58,77,17,70,91,38,25,48,69,16,6,18,74,98,34,53,23,63
27,69,18,71,55,37,8,60,20,6,52,92,88,81,51,100,9,75,10,98,11,5,78,84,12,16,33,2,50,43,82,15,46,48,19,54,96,21,26,76,36,62,67,49,38,23,77,59,79,14,17,24,57,1,22,63,70,30,42,97,66,7,13,93,3,73,39,29,83,4,35,53,90,61,41,25,72,44,47,56,74,45,68,91,28,99,85,58,94,89,32,64,87,31,65,95,40,86,80,34
50,2,92,7,10,72,95,33,6,31,3,23,11,70,51,60,21,5,94,87,30,18,34,85,52,40,83,76,14,93,38,78,20,79,65,44,66,42,63,67,25,82,15,35,32,26,57,84,16,98,27,28,81,1,96,36,73,62,56,22,64,99,4,29,43,77,100,9,88,37,86,80,45,89,61,75,90,17,59,8,12,46,55,41,19,48,39,58,13,97,74,71,69,24,47,53,54,49,91,68
81,50,25,57,23,79,53,11,59,13,10,46,39,90,91,1,44,63,52,76,47,28,75,54,34,4,77,99,89,20,64,26,22,61,35,32,69,45,96,87,88,72,21,74,19,29,93,7,24,30,62,3,48,66,8,40,68,27,37,42,17,67,38,97,100,55,9,41,12,73,86,92,5,33,84,82,16,58,15,94,78,85,43,49,18,65,60,2,31,98,14,6,70,51,71,56,95,83,36,80
6,59,10,100,39,74,62,27,23,52,2,78,14,22,54,13,60,47,95,15,32,25,67,28,94,91,63,42,21,98,7,16,90,84,82,86,41,51,50,71,80,92,45,57,11,64,46,8,97,96,87,72,29,19,69,93,55,5,1,40,49,85,4,3,76,35,89,30,34,79,53,61,65,66,88,43,38,37,83,77,36,33,70,12,20,31,68,73,18,58,44,99,9,75,26,48,81,24,17,56
18,16,94,100,92,40,77,27,81,80,39,69,46,47,9,93,38,52,63,86,17,5,32,43,73,53,89,19,98,6,95,90,36,88,75,67,37,71,25,11,1,85,44,72,4,49,20,91,29,26,68,2,31,66,96,34,61,42,21,99,15,54,28,14,57,58,24,22,8,79,50,70,64,33,83,97,76,60,23,45,7,51,12,13,65,3,78,41,56,59,35,48,84,62,87,55,30,74,82,10
93,45,72,56,8,88,84,12,35,46,31,42,11,75,7,99,74,15,91,69,54,5,68,13,97,77,48,70,61,30,40,38,29,21,67,81,62,1,33,65,16,9,80,55,26,73,53,18,2,79,82,39,19,92,60,87,100,64,66,86,3,90,96,20,98,25,89,17,22,83,6,85,58,63,27,37,51,41,28,36,44,59,52,78,57,24,32,10,76,71,14,47,23,49,95,50,94,34,43,4
20,52,65,24,42,1,96,66,73,34,39,86,91,30,13,3,92,93,15,19,32,36,45,25,67,100,47,90,71,46,68,37,99,43,95,76,6,53,21,50,8,44,27,60,17,29,51,35,48,26,10,11,82,64,28,2,40,85,87,33,14,79,61,23,97,74,88,55,77,9,72,70,84,54,16,94,18,58,22,98,83,80,89,41,4,63,62,38,59,31,78,12,49,7,5,75,57,69,56,81
16,59,70,88,66,87,43,19,50,46,45,33,93,39,79,41,98,35,29,69,85,7,37,61,94,63,48,60,83,84,34,89,95,55,56,80,11,18,5,58,31,99,82,92,62,17,78,28,57,23,32,14,30,6,26,13,75,90,22,24,86,100,25,42,8,53,21,76,54,52,4,77,47,74,3,71,68,65,72,49,10,91,73,64,44,40,1,51,96,2,27,97,15,20,36,12,81,9,67,38
14,27,50,58,60,4,88,2,80,1,23,31,83,51,9,45,69,13,22,30,35,25,65,24,3,76,46,18,17,52,6,68,92,41,97,81,10,43,66,44,57,70,40,42,61,55,72,53,19,73,39,62,34,15,77,96,89,11,78,38,29,63,33,26,7,100,64,86,54,48,12,8,74,21,84,67,94,47,75,56,28,16,85,71,5,32,82,93,59,95,36,91,37,79,20,99,49,98,90,87
17,21,81,32,73,13,43,98,40,67,3,69,14,30,26,20,16,78,51,34,24,7,82,61,79,60,49,58,56,64,39,38,37,72,50,23,29,42,100,28,1,85,44,80,68,89,57,18,70,93,66,91,95,63,86,84,12,46,62,71,55,99,11,53,15,59,47,45,90,33,35,77,25,94,36,52,83,22,97,76,75,92,48,8,9,54,4,6,41,74,65,96,31,10,87,2,19,5,88,27
67,77,93,38,71,16,88,12,85,66,97,30,56,81,63,2,26,8,60,37,98,35,11,13,47,17,9,51,6,86,1,52,57,39,21,43,40,99,96,58,5,41,76,94,31,69,62,14,33,68,29,79,54,53,59,89,50,45,70,84,18,83,24,49,61,28,44,75,87,78,100,27,3,65,36,74,23,48,32,73,42,82,80,46,64,92,25,34,22,7,72,19,4,10,15,90,55,20,95,91
29,24,47,9,6,42,92,88,11,78,57,74,45,48,49,100,41,76,1,72,58,25,32,55,71,52,44,46,18,89,53,27,69,20,95,77,86,98,10,8,22,73,84,43,3,96,39,33,93,61,79,83,31,40,94,75,90,59,14,37,36,81,87,4,21,85,12,63,80,15,65,5,68,62,17,67,2,26,97,38,7,28,34,19,16,35,23,30,56,13,54,64,70,82,60,50,66,51,91,99
28,66,35,24,59,54,77,100,14,57,73,64,80,89,67,83,62,25,52,58,9,27,38,78,97,81,44,41,93,91,46,92,84,63,20,42,36,48,1,23,4,88,33,85,29,37,40,68,95,11,19,7,26,71,12,99,16,96,75,76,32,5,8,45,87,47,65,17,31,60,53,43,70,34,79,15,18,69,13,56,10,82,6,3,98,94,22,50,74,51,21,61,30,90,49,2,72,55,39,86
72,77,75,52,10,36,86,56,12,38,96,65,42,27,57,92,28,67,89,39,20,47,7,73,33,91,34,76,82,45,19,22,83,71,49,2,40,5,9,18,32,51,99,59,23,35,13,53,54,11,46,26,81,63,84,100,97,93,16,61,66,85,90,94,37,55,48,44,41,98,64,21,6,69,88,17,70,50,31,78,14,74,1,24,79,4,87,25,62,58,3,29,30,8,68,95,60,80,43,15
22,56,91,26,29,38,42,54,7,57,95,75,31,83,35,11,39,3,52,78,72,5,79,77,46,53,4,61,13,55,99,37,81,17,59,96,67,41,12,44,47,80,21,27,1,30,14,34,62,92,88,49,82,2,68,97,98,51,33,16,64,69,6,86,18,58,73,45,74,9,10,32,25,20,43,24,94,84,40,76,70,28,50,65,60,63,89,66,87,93,23,48,71,19,15,85,8,100,36,90
55,69,42,58,35,81,98,45,36,19,9,66,8,12,27,100,85,76,39,67,49,10,21,80,94,32,24,23,70,18,48,44,16,47,34,60,86,83,74,5,25,97,79,6,51,46,52,72,26,1,65,62,96,15,54,95,14,61,92,78,93,75,71,37,90,17,38,63,84,87,20,99,88,28,7,29,4,11,43,89,33,77,57,56,2,3,31,40,13,50,82,41,22,30,91,59,73,64,68,53
84,66,96,3,31,38,69,80,82,21,48,72,64,29,79,43,61,90,5,34,52,6,56,40,22,88,12,83,68,10,33,44,78,94,26,13,11,63,62,57,60,53,46,58,81,7,75,20,39,49,86,32,37,2,70,51,1,25,65,59,19,97,74,73,92,76,93,67,100,98,50,77,24,99,14,89,18,27,91,42,45,54,30,23,4,41,85,9,87,55,36,16,47,8,95,17,28,71,35,15
28,47,73,57,65,7,67,64,90,40,24,53,74,14,42,11,89,9,1,15,43,36,32,58,13,34,17,10,56,3,39,81,35,77,37,12,5,29,70,79,33,85,69,30,54,6,49,86,38,62,51,83,4,20,71,97,100,22,26,82,78,19,80,87,95,52,25,72,88,59,63,55,27,48,76,84,60,21,68,75,2,23,91,98,16,66,31,61,94,50,93,92,18,45,41,46,99,44,96,8
82,68,49,37,94,25,95,31,20,4,41,93,58,23,15,28,18,27,1,10,17,2,14,53,76,16,81,36,67,39,22,40,24,29,45,85,34,64,70,32,44,35,84,79,66,55,7,38,5,97,43,48,99,6,88,52,42,30,59,75,33,73,26,63,98,65,78,80,46,72,11,8,77,19,3,21,56,61,51,92,71,90,100,89,9,96,12,54,62,60,86,50,74,87,91,47,83,69,57,13
5,4,67,96,28,57,38,49,27,63,62,39,55,29,69,52,26,94,11,87,71,1,19,53,59,84,48,32,65,78,56,88,31,66,51,97,23,8,80,72,68,74,61,40,24,95,50,13,34,64,37,44,98,2,22,99,75,20,10,81,46,54,12,41,85,9,47,83,7,21,3,6,70,17,45,100,92,82,79,42,77,90,30,73,15,60,89,35,86,93,25,36,33,18,43,16,91,58,14,76
15,50,84,1,25,38,28,60,65,72,27,51,41,23,54,24,4,40,33,44,45,99,31,96,32,52,46,87,81,35,2,97,58,55,7,67,63,79,57,19,29,92,42,100,43,47,5,3,73,36,88,11,69,22,85,39,37,95,98,78,30,66,76,89,94,61,9,16,6,83,14,13,77,48,80,91,93,75,18,70,71,21,68,64,12,20,90,17,10,82,49,26,8,74,53,86,62,34,59,56
6,91,68,2,21,59,57,81,44,31,93,98,100,16,99,20,94,32,19,71,69,38,36,89,50,80,51,7,92,8,30,49,65,29,48,54,4,90,26,14,35,33,88,28,15,76,72,74,3,24,75,22,79,47,83,13,66,61,60,45,77,42,17,27,53,40,10,43,67,37,1,56,23,55,64,46,82,12,39,78,5,9,87,52,84,11,62,41,97,85,18,63,34,25,58,70,86,96,73,95
70,64,58,25,67,79,12,43,39,60,13,97,51,53,44,21,73,6,26,1,18,22,98,55,76,56,42,93,66,15,28,61,14,91,74,100,5,32,94,10,30,72,11,90,17,9,59,31,52,68,23,92,40,77,8,83,4,48,19,50,46,36,81,84,89,95,69,49,78,62,41,88,96,99,16,37,63,75,57,27,24,65,35,20,71,85,82,3,47,34,2,54,33,38,29,80,86,7,45,87
39,6,96,52,30,73,94,63,25,4,41,51,38,43,48,13,83,87,23,86,75,7,56,21,81,34,65,49,92,45,54,40,10,72,66,74,16,67,15,14,3,88,28,84,2,80,69,77,37,95,98,22,89,24,99,68,97,62,19,59,64,36,50,79,11,46,8,9,85,32,78,5,29,61,47,76,71,17,20,1,44,31,100,42,58,18,91,35,82,90,27,53,12,60,70,93,55,26,57,33
47,48,81,10,22,71,62,18,58,25,11,89,5,28,72,42,39,6,88,67,97,65,95,86,41,14,13,73,90,31,9,98,24,100,32,96,43,16,66,54,2,61,35,99,55,60,74,1,17,49,44,53,68,84,36,75,59,79,45,77,8,70,4,12,51,21,40,63,82,29,19,20,56,46,30,85,38,57,93,80,76,78,33,92,15,91,69,83,23,26,27,50,64,3,7,52,87,34,37,94
76,39,89,20,66,78,36,31,48,63,8,32,99,9,84,96,16,67,49,7,61,5,88,41,72,87,60,74,46,55,47,83,54,18,42,93,2,82,77,90,38,13,19,15,37,21,6,17,10,3,40,71,58,50,43,51,98,92,52,12,56,75,30,29,94,62,24,44,22,57,86,25,70,23,95,59,64,34,45,97,14,35,100,69,1,81,53,27,73,79,65,68,28,11,85,33,91,26,80,4
66,59,46,40,69,16,81,70,67,32,30,88,73,53,18,97,82,100,20,72,5,31,64,98,44,91,79,42,89,6,74,35,7,50,62,95,25,85,14,13,47,96,63,76,28,4,51,1,56,49,68,54,65,11,2,10,99,92,19,48,15,78,9,71,93,87,80,29,45,90,84,24,58,34,3,22,23,41,94,57,8,61,52,17,55,12,37,36,43,38,33,21,27,75,26,83,77,60,86,39
13,15,67,42,51,39,2,9,12,1,8,66,84,95,64,21,5,96,99,38,85,97,46,81,30,36,31,80,16,24,37,18,65,11,63,44,10,53,23,45,61,76,93,79,33,34,54,57,29,82,27,4,89,6,75,73,77,92,17,35,69,78,88,32,91,68,26,56,3,50,43,22,98,90,48,74,72,40,94,70,41,86,60,14,49,20,59,62,71,83,25,52,28,7,58,47,87,19,55,100
7,76,25,43,50,8,81,86,29,56,16,80,85,32,66,61,17,45,18,97,13,26,57,74,24,22,31,95,90,47,100,87,79,44,19,77,28,58,49,36,41,68,15,84,14,5,51,1,4,12,91,92,60,3,75,59,72,39,73,40,83,96,33,94,10,89,6,23,78,48,71,55,52,70,34,54,37,53,98,88,27,21,11,2,9,63,69,30,64,62,35,38,65,46,20,82,67,99,42,93
9,66,97,83,24,11,60,85,79,47,36,71,42,40,37,41,45,93,77,6,29,95,54,7,89,26,18,10,70,1,25,86,19,12,34,52,64,61,91,22,33,67,31,94,8,56,5,50,4,65,13,17,74,32,99,59,48,87,21,55,88,28,23,3,43,62,80,63,68,92,58,81,73,30,20,82,38,90,84,15,14,98,78,69,35,75,16,2,53,44,76,100,46,49,57,96,39,72,27,51
13,7,4,19,17,53,41,46,28,69,60,24,10,25,6,14,42,94,22,73,5,55,34,67,37,54,89,70,76,81,86,64,35,85,39,99,26,8,38,16,97,79,75,66,49,45,30,62,29,84,68,27,50,1,47,57,91,20,48,59,96,63,12,65,98,77,90,58,88,33,83,3,15,18,23,74,71,36,80,78,44,32,61,72,9,40,87,43,51,93,82,92,11,56,31,100,2,21,52,95
6,24,99,19,80,72,16,43,53,70,82,59,36,18,83,23,1,60,92,25,7,54,91,35,65,84,2,15,68,20,39,3,61,49,11,87,52,97,27,63,9,89,21,57,10,56,98,40,29,77,13,66,5,34,96,81,12,85,100,17,41,32,28,4,94,31,95,71,14,75,37,26,64,30,67,51,42,33,86,90,55,74,58,79,8,38,73,69,76,47,62,88,50,78,93,45,44,22,46,48
24,9,47,11,19,26,80,55,37,95,2,91,89,15,7,52,78,14,43,83,61,4,58,77,85,60,97,18,10,90,38,25,73,98,79,42,3,1,87,12,56,64,93,53,22,70,30,8,62,54,71,34,13,21,41,45,75,68,51,82,65,39,96,67,66,32,33,46,29,76,100,5,28,69,16,81,63,31,57,36,23,50,59,99,6,27,17,84,86,40,94,88,49,20,44,74,72,92,35,48
10,70,61,36,18,17,53,44,8,49,13,27,71,4,9,48,25,79,84,60,52,37,99,50,47,95,11,73,81,5,38,19,68,92,20,63,35,14,3,39,93,98,30,59,22,41,72,43,51,6,1,87,32,31,54,46,76,34,16,96,57,66,7,74,97,94,29,2,56,100,21,80,62,77,12,75,82,26,90,85,42,89,58,88,24,83,55,28,86,64,33,67,15,91,40,65,78,23,69,45
10,76,12,81,24,93,6,91,27,66,79,34,88,45,21,17,72,78,11,61,4,86,75,53,94,96,15,20,60,69,18,37,71,50,19,67,70,85,52,8,28,100,84,90,2,35,47,29,26,55,64,9,95,54,92,98,87,97,48,44,22,32,59,77,49,25,74,5,40,80,57,31,33,65,82,73,99,83,51,43,63,41,23,13,30,58,16,46,38,36,3,89,14,39,62,7,68,1,42,56
46,23,12,53,48,28,38,97,22,40,2,67,19,43,66,37,69,57,58,92,83,49,4,74,11,25,63,15,61,55,9,32,10,82,41,56,72,8,29,21,98,62,13,70,24,47,85,16,76,95,7,27,99,89,39,81,35,26,14,54,75,93,60,78,45,34,3,50,79,86,94,44,100,96,59,84,36,42,80,5,20,71,88,17,30,68,91,52,33,65,90,51,73,1,31,64,6,18,77,87
46,82,86,67,83,99,11,79,16,94,89,69,22,32,74,56,78,63,1,88,38,25,37,40,81,26,5,61,12,42,9,58,75,71,77,31,59,2,6,52,15,84,47,65,80,23,44,62,7,90,21,36,98,24,64,10,95,60,27,33,34,4,3,53,68,39,93,87,72,14,28,43,48,50,19,76,66,17,35,96,13,8,30,91,18,73,45,49,85,57,51,29,41,20,55,97,70,92,100,54
77,94,61,22,7,2,84,47,98,76,23,51,9,16,52,32,75,5,28,87,60,81,21,88,82,14,83,55,8,31,4,74,59,33,65,80,36,91,6,11,54,70,43,27,39,53,85,86,41,12,35,18,56,34,20,92,26,30,49,1,38,68,73,62,100,97,64,13,15,99,57,79,25,10,19,95,50,72,58,78,29,67,46,96,3,24,40,66,37,44,45,48,71,89,17,90,42,63,69,93
66,85,64,59,1,8,91,15,28,9,18,6,13,73,88,52,31,33,60,76,87,58,46,53,74,62,3,93,92,90,94,75,67,81,63,30,47,12,98,45,4,40,54,41,39,14,32,48,5,79,99,57,55,56,97,27,84,23,24,21,43,72,38,69,2,16,65,34,26,70,44,36,82,17,35,11,89,86,42,95,37,78,96,49,10,25,22,71,50,80,61,77,83,7,19,100,20,51,68,29
7,46,18,8,37,35,43,87,11,32,3,40,2,51,48,85,30,99,57,76,65,25,4,53,97,90,21,89,60,81,16,78,22,77,6,67,52,64,56,39,36,1,9,70,13,91,15,41,86,38,54,12,27,19,95,26,61,42,72,73,31,20,58,24,83,96,66,79,55,100,82,88,10,5,28,33,98,63,49,69,75,62,59,23,92,74,29,44,17,45,47,71,50,14,84,68,94,80,34,93
35,54,53,16,18,68,81,72,32,96,2,97,50,55,60,15,29,41,49,92,86,11,17,84,99,37,14,62,87,27,57,73,63,65,75,100,43,74,22,47,59,51,36,39,13,12,26,69,24,70,23,4,48,20,52,77,90,95,56,82,85,25,44,88,40,46,94,58,98,83,7,9,38,42,89,78,79,33,31,93,1,67,61,45,10,30,71,3,76,34,80,8,28,6,91,64,66,21,5,19
75,48,5,10,3,85,37,41,54,28,33,32,25,6,69,52,29,24,39,1,42,11,47,81,51,92,86,59,70,17,18,88,38,87,94,83,9,7,35,57,90,60,49,4,8,72,93,12,40,19,22,56,45,21,76,96,66,68,44,100,64,62,15,89,82,23,58,27,16,99,43,26,67,61,79,80,71,53,50,55,84,13,73,65,46,2,98,30,95,78,74,20,91,36,31,14,77,97,63,34
58,81,25,10,73,34,3,67,85,17,22,75,5,76,46,45,82,48,99,88,63,18,1,33,60,51,12,97,66,72,98,92,42,28,68,8,74,40,37,13,41,96,80,43,89,23,83,21,14,35,71,26,100,44,87,7,38,69,6,4,36,16,77,79,55,57,70,9,15,53,31,30,62,61,32,93,94,24,49,59,56,27,19,64,84,29,11,39,50,52,54,2,20,90,47,95,65,78,91,86
13,43,8,27,52,50,42,6,32,49,69,73,55,70,82,23,92,71,17,95,64,39,61,44,16,72,28,26,48,91,97,33,31,5,54,89,88,25,99,58,7,3,21,37,60,12,56,65,20,79,22,53,40,14,87,29,45,19,74,66,10,47,100,57,83,36,67,59,46,38,30,77,96,93,76,90,84,9,98,94,51,35,81,62,41,2,78,68,4,80,63,24,15,1,86,34,18,85,75,11
27,65,41,80,83,76,34,86,15,25,6,11,47,72,18,77,56,92,63,82,58,61,73,62,29,9,70,40,84,8,31,1,96,98,2,43,24,4,22,66,94,97,68,89,21,33,37,39,3,99,71,48,17,60,69,16,67,51,52,88,5,100,38,93,85,46,79,10,57,74,23,28,95,90,91,55,45,50,36,20,7,30,54,53,26,78,19,35,14,49,13,44,42,32,12,87,81,59,64,75
2,74,94,17,10,49,67,97,39,26,81,98,93,37,55,28,90,60,15,31,16,21,20,40,73,53,41,66,48,78,9,61,64,88,47,42,18,57,33,32,75,79,62,77,80,34,38,100,65,76,84,51,68,89,87,91,58,19,29,12,30,83,45,82,86,43,22,54,3,85,23,46,1,63,71,96,6,11,36,44,50,92,5,25,52,56,72,70,14,27,99,24,4,69,35,95,7,59,8,13
2,99,63,43,60,19,85,79,69,91,18,89,80,1,65,49,11,35,74,57,58,37,21,51,32,27,61,64,70,82,50,44,55,41,42,73,72,96,7,40,5,4,59,16,6,77,30,33,66,46,98,9,20,67,92,83,97,36,87,23,13,28,29,47,84,71,75,53,10,45,15,34,17,48,25,93,8,95,90,94,52,68,26,14,22,24,56,31,78,100,3,38,39,12,81,76,86,62,54,88
37,40,63,44,89,1,78,81,36,79,19,57,76,53,97,15,31,68,54,74,11,18,13,75,82,41,12,3,4,80,42,27,71,60,73,6,33,16,23,34,2,32,70,91,99,85,39,5,22,84,58,9,50,96,95,45,87,83,77,8,14,88,47,29,64,69,25,52,93,66,59,98,67,48,61,26,30,46,90,65,56,94,72,10,62,92,20,7,35,51,49,21,17,55,24,38,86,43,28,100
97,99,46,49,70,7,4,79,17,33,42,98,29,72,64,47,16,85,3,14,10,19,32,37,92,87,1,95,81,22,71,34,56,59,57,80,39,65,91,55,86,88,30,78,23,11,36,63,28,35,26,60,25,2,100,84,77,43,82,53,31,6,83,73,75,66,21,69,20,74,76,38,8,54,15,58,27,94,68,12,13,48,89,24,9,67,50,40,96,45,52,51,61,90,18,93,44,41,62,5
33,29,84,7,47,67,97,41,54,78,53,57,8,71,56,52,86,50,100,72,26,38,75,49,30,32,92,36,9,83,11,81,87,21,85,2,5,64,22,27,25,10,39,55,19,16,37,94,43,96,82,18,98,6,12,77,95,80,23,61,28,45,44,4,14,48,60,74,51,13,15,88,63,40,31,90,1,69,68,3,58,34,42,59,46,76,20,91,73,35,62,93,79,66,99,65,70,89,24,17
44,19,66,56,73,34,86,69,55,1,8,26,18,16,38,52,37,88,31,79,3,40,42,23,96,41,24,85,15,33,53,89,49,58,97,84,6,65,48,20,5,71,99,80,98,77,12,60,36,92,64,4,90,2,57,100,21,27,14,68,13,72,91,25,87,67,76,7,9,50,22,43,62,74,94,63,78,75,10,45,30,28,17,29,35,51,82,81,70,95,83,32,11,61,39,93,47,59,54,46
38,82,7,6,31,51,43,55,27,62,8,93,94,11,53,21,75,44,45,96,29,48,86,57,63,2,46,97,10,16,32,73,33,69,83,68,61,95,71,85,14,77,20,19,34,50,79,65,9,99,4,25,39,26,42,5,36,80,67,89,15,72,74,100,24,66,35,18,60,41,1,17,30,64,98,22,54,84,87,70,13,58,3,52,59,92,28,88,91,81,12,90,37,23,47,76,40,49,56,78
19,13,4,83,47,6,11,80,33,43,45,71,100,55,92,22,54,72,51,84,29,15,30,95,26,49,44,37,96,28,46,34,62,99,60,87,48,23,35,20,27,98,8,67,89,53,78,32,93,91,2,79,73,12,94,86,77,3,59,18,24,82,88,42,58,14,64,69,31,50,7,56,16,68,81,61,17,38,10,40,1,76,90,85,41,70,52,63,39,97,57,65,21,25,66,9,74,5,36,75
37,35,50,49,42,21,43,53,23,4,60,95,96,89,3,68,15,40,41,13,52,2,51,86,85,69,5,76,12,56,80,78,83,82,98,67,66,54,32,64,17,72,48,30,7,18,46,25,81,39,44,65,100,1,20,91,62,93,29,71,45,70,34,28,90,84,16,10,11,61,38,19,57,87,36,24,74,58,8,99,59,79,94,6,9,92,97,75,63,26,31,47,88,14,77,73,33,22,55,27
66,89,77,47,46,71,58,83,96,25,55,85,1,28,9,13,52,90,51,60,62,14,11,56,43,31,61,53,48,39,65,16,41,94,81,100,12,10,99,4,2,70,19,79,21,44,24,63,40,17,59,50,23,45,20,72,64,36,93,29,15,86,37,73,32,26,27,22,98,74,80,68,18,7,30,78,38,57,87,91,42,3,33,82,6,54,95,88,69,35,67,75,84,97,92,8,49,34,76,5
51,66,81,95,19,15,11,21,24,85,18,47,4,44,83,45,50,25,63,32,9,26,17,12,42,87,20,94,61,90,16,39,98,74,71,55,97,57,2,99,7,80,82,91,10,60,28,88,27,29,54,68,75,5,78,59,43,89,72,37,31,77,33,8,70,23,79,49,1,41,13,64,67,84,34,69,46,56,62,40,52,92,14,73,3,6,30,22,65,100,86,58,35,48,38,76,93,36,53,96
39,92,64,53,26,56,33,42,1,44,29,19,37,73,98,83,97,21,79,7,22,48,54,35,49,51,2,55,80,50,89,16,11,95,59,31,69,20,40,43,12,67,24,85,70,82,27,25,41,78,8,61,77,6,30,90,88,32,14,63,71,38,13,76,75,58,68,60,72,23,9,87,99,17,3,66,10,47,91,94,81,52,57,86,45,36,93,84,46,74,34,62,15,65,4,28,18,96,5,100
25,35,7,77,68,24,22,82,100,15,6,71,72,33,26,31,58,38,14,59,43,36,28,49,54,67,16,57,97,3,83,85,66,53,37,89,48,1,96,27,40,93,76,47,10,8,19,56,11,51,34,69,75,4,61,55,87,65,12,32,2,18,52,74,70,64,73,46,29,81,9,21,80,92,5,63,44,88,94,39,50,99,79,84,20,45,17,62,23,98,41,86,30,78,60,91,95,90,13,42
33,55,97,9,36,73,35,20,58,5,84,52,38,44,61,99,12,19,17,91,72,46,68,32,28,34,22,49,24,26,90,92,81,76,100,59,64,15,4,7,54,87,83,11,25,1,77,18,42,89,62,13,51,63,67,23,82,50,98,75,6,93,14,71,41,69,8,30,31,2,95,56,70,66,3,78,79,29,57,94,37,74,96,21,85,48,47,39,88,53,65,60,45,10,43,86,27,80,16,40
