"X1","X2","X3","X4","X5","X6","X7","X8","X9","X10","X11","X12","X13","X14","X15","X16","X17","X18","X19","X20","X21","X22","X23","X24","X25","X26","X27","X28","X29","X30","X31","X32","X33","X34","X35","X36","X37","X38","X39","X40","X41","X42","X43","X44","X45","X46","X47","X48","X49","X50","X51","X52","X53","X54","X55","X56","X57","X58","X59","X60","X61","X62","X63","X64","X65","X66","X67","X68","X69","X70","X71","X72","X73","X74","X75","X76","X77","X78","X79","X80","X81","X82","X83","X84","X85","X86","X87","X88"
-44,-80,-18,-7,-16,-33,-70,-86,-27,-68,-73,-57,-1,-11,-39,-40,-54,-22,-13,-29,-47,-49,-31,-8,-6,-62,-10,-38,-34,-55,-30,-32,-17,-26,-45,-67,-58,-69,-74,-66,-4,-43,-79,-71,-5,-12,-65,-51,-83,-82,-60,-15,-53,-76,-78,-75,-20,-37,-63,-85,-84,-35,-77,-52,-25,-46,-50,-41,-87,-14,-56,-19,-2,-9,-23,-48,-21,-24,-59,-88,-61,-64,-81,-36,-28,-42,-72,-3
-41,-19,-12,-20,-65,-80,-86,-42,-30,-47,-44,-18,-79,-73,-72,-70,-46,-61,-24,-83,-32,-1,-31,-54,-17,-63,-8,-55,-27,-67,-25,-88,-35,-2,-71,-21,-11,-82,-38,-57,-6,-28,-76,-36,-26,-49,-29,-37,-5,-85,-33,-62,-22,-77,-59,-9,-81,-74,-84,-43,-52,-14,-10,-64,-53,-13,-75,-7,-68,-23,-56,-66,-60,-51,-48,-78,-16,-15,-69,-50,-40,-87,-34,-39,-4,-3,-58,-45
-68,-83,-12,-14,-48,-49,-24,-35,-5,-42,-41,-20,-18,-6,-21,-36,-23,-72,-60,-31,-25,-26,-62,-22,-65,-2,-55,-53,-11,-43,-51,-32,-45,-66,-52,-67,-34,-75,-70,-16,-37,-13,-79,-39,-61,-44,-4,-57,-29,-63,-82,-8,-74,-76,-33,-58,-19,-9,-56,-59,-64,-7,-46,-50,-3,-27,-1,-28,-88,-47,-40,-10,-81,-84,-69,-87,-73,-77,-15,-86,-38,-71,-54,-78,-17,-85,-80,-30
-27,-10,-50,-80,-67,-16,-41,-83,-52,-76,-15,-23,-78,-2,-60,-19,-59,-44,-68,-55,-69,-11,-85,-31,-35,-8,-46,-77,-56,-47,-18,-88,-32,-3,-87,-25,-40,-33,-6,-45,-13,-48,-66,-73,-26,-12,-49,-64,-21,-82,-4,-51,-71,-72,-75,-38,-22,-29,-53,-5,-74,-37,-63,-1,-28,-20,-30,-70,-34,-14,-39,-86,-24,-9,-43,-17,-7,-65,-61,-58,-54,-57,-79,-84,-62,-36,-42,-81
-62,-46,-79,-63,-71,-7,-49,-34,-53,-24,-23,-22,-6,-11,-42,-25,-59,-13,-83,-31,-35,-20,-81,-58,-4,-17,-86,-80,-27,-67,-30,-41,-10,-1,-77,-84,-12,-50,-52,-26,-75,-44,-87,-64,-15,-36,-74,-3,-69,-72,-38,-66,-85,-78,-54,-56,-51,-2,-40,-73,-82,-70,-16,-8,-68,-37,-45,-33,-88,-9,-5,-76,-19,-39,-28,-14,-60,-29,-18,-32,-61,-57,-21,-47,-43,-55,-65,-48
-39,-83,-29,-18,-16,-58,-67,-84,-30,-14,-9,-23,-7,-12,-35,-19,-74,-72,-31,-77,-38,-3,-15,-25,-80,-33,-54,-53,-60,-57,-49,-69,-36,-81,-10,-27,-6,-59,-32,-5,-2,-46,-76,-87,-40,-26,-73,-62,-20,-56,-4,-47,-41,-44,-88,-34,-70,-42,-79,-50,-28,-45,-48,-51,-63,-37,-66,-55,-65,-1,-24,-17,-8,-68,-75,-71,-64,-52,-43,-82,-13,-78,-22,-86,-21,-11,-61,-85
-28,-49,-22,-10,-72,-7,-71,-55,-39,-53,-86,-8,-48,-70,-76,-43,-20,-47,-29,-87,-24,-62,-80,-56,-32,-66,-84,-88,-52,-34,-38,-67,-17,-83,-27,-21,-40,-31,-25,-13,-57,-3,-36,-85,-6,-41,-33,-61,-11,-5,-58,-18,-75,-46,-23,-42,-79,-69,-73,-74,-37,-59,-9,-4,-30,-63,-78,-26,-82,-15,-2,-51,-68,-54,-16,-44,-60,-19,-14,-81,-64,-77,-1,-65,-35,-12,-50,-45
-45,-43,-39,-49,-87,-68,-6,-22,-30,-35,-34,-8,-21,-51,-7,-53,-36,-79,-28,-48,-57,-31,-23,-80,-27,-65,-29,-25,-88,-56,-55,-41,-13,-81,-19,-26,-2,-66,-20,-40,-52,-10,-76,-71,-1,-17,-37,-69,-74,-61,-4,-38,-84,-9,-67,-58,-59,-75,-18,-77,-5,-70,-3,-33,-15,-12,-32,-16,-50,-63,-42,-46,-64,-62,-72,-83,-11,-54,-60,-85,-44,-82,-14,-47,-86,-24,-73,-78
-75,-5,-1,-27,-3,-49,-13,-86,-55,-33,-51,-12,-38,-7,-64,-37,-15,-73,-82,-44,-60,-31,-16,-24,-17,-10,-56,-43,-41,-65,-47,-61,-48,-6,-88,-20,-19,-28,-34,-8,-29,-84,-83,-85,-42,-21,-69,-78,-30,-79,-53,-40,-71,-32,-36,-87,-39,-77,-68,-59,-35,-58,-46,-26,-80,-14,-66,-11,-72,-23,-74,-25,-62,-63,-50,-76,-18,-52,-9,-67,-57,-54,-70,-81,-2,-4,-45,-22
-8,-65,-78,-51,-69,-81,-66,-18,-58,-62,-7,-34,-3,-60,-13,-32,-11,-50,-27,-55,-68,-15,-28,-33,-21,-56,-9,-36,-26,-73,-38,-57,-31,-44,-75,-84,-35,-42,-30,-43,-80,-88,-64,-5,-29,-40,-77,-23,-45,-47,-2,-63,-4,-83,-86,-76,-19,-14,-70,-20,-52,-87,-74,-25,-71,-1,-61,-16,-53,-79,-82,-10,-12,-46,-54,-49,-85,-22,-17,-41,-59,-6,-48,-37,-39,-67,-24,-72
-48,-11,-57,-37,-44,-79,-56,-59,-55,-26,-41,-28,-31,-69,-83,-49,-60,-75,-24,-85,-78,-52,-20,-40,-29,-1,-47,-53,-76,-18,-30,-4,-23,-74,-43,-88,-27,-54,-16,-21,-39,-32,-62,-86,-9,-17,-72,-12,-3,-58,-5,-71,-81,-64,-8,-51,-73,-84,-87,-82,-22,-34,-50,-6,-61,-45,-66,-70,-63,-25,-13,-80,-19,-36,-42,-65,-2,-10,-33,-14,-35,-46,-77,-15,-38,-67,-68,-7
-74,-13,-45,-59,-86,-83,-68,-63,-41,-23,-30,-36,-87,-70,-80,-28,-25,-19,-38,-32,-61,-5,-44,-62,-48,-72,-71,-22,-6,-27,-29,-10,-15,-56,-7,-57,-21,-78,-81,-12,-2,-26,-47,-35,-18,-31,-55,-69,-9,-40,-3,-4,-52,-49,-20,-8,-54,-39,-34,-85,-46,-79,-11,-50,-24,-77,-58,-66,-84,-16,-17,-76,-14,-42,-1,-43,-33,-53,-65,-64,-82,-88,-67,-51,-37,-75,-60,-73
-82,-71,-6,-3,-84,-20,-46,-28,-11,-83,-8,-31,-51,-29,-54,-37,-63,-38,-21,-75,-73,-81,-62,-79,-67,-24,-65,-9,-80,-52,-76,-47,-61,-58,-48,-39,-72,-12,-5,-68,-10,-17,-66,-42,-19,-57,-43,-7,-77,-36,-49,-41,-27,-25,-34,-26,-86,-30,-78,-88,-44,-53,-23,-4,-13,-15,-59,-70,-87,-35,-55,-74,-2,-16,-85,-50,-45,-60,-14,-69,-56,-22,-18,-33,-40,-64,-32,-1
-49,-31,-8,-65,-88,-74,-21,-77,-68,-39,-87,-60,-42,-37,-7,-71,-25,-80,-79,-47,-76,-5,-27,-22,-10,-50,-78,-24,-28,-52,-17,-73,-15,-38,-67,-55,-70,-54,-82,-23,-44,-33,-41,-66,-83,-13,-72,-32,-51,-40,-59,-19,-63,-56,-81,-58,-84,-1,-46,-30,-29,-35,-85,-53,-61,-45,-14,-43,-20,-11,-16,-12,-4,-57,-64,-75,-34,-3,-9,-69,-26,-18,-86,-62,-6,-48,-36,-2
-88,-38,-14,-77,-70,-51,-80,-54,-4,-1,-79,-17,-9,-72,-83,-57,-47,-33,-84,-31,-59,-36,-48,-26,-64,-65,-60,-40,-22,-35,-62,-29,-11,-10,-34,-74,-3,-42,-49,-27,-25,-66,-20,-85,-19,-28,-30,-13,-37,-86,-81,-44,-69,-45,-71,-16,-15,-73,-12,-55,-67,-53,-46,-23,-76,-8,-24,-32,-41,-5,-43,-39,-21,-2,-58,-82,-52,-50,-7,-68,-61,-63,-78,-75,-87,-56,-18,-6
-80,-78,-29,-72,-67,-31,-9,-34,-6,-20,-2,-15,-4,-40,-38,-66,-32,-74,-60,-81,-53,-21,-7,-64,-3,-33,-1,-5,-16,-47,-27,-68,-49,-84,-65,-48,-54,-51,-37,-55,-85,-86,-52,-75,-22,-25,-70,-8,-23,-76,-26,-50,-83,-58,-57,-41,-30,-61,-19,-28,-39,-62,-79,-12,-56,-24,-17,-73,-59,-35,-42,-87,-44,-46,-88,-77,-43,-18,-63,-11,-69,-13,-82,-71,-45,-14,-36,-10
-47,-11,-8,-23,-24,-3,-57,-50,-36,-69,-42,-83,-87,-35,-52,-70,-10,-85,-38,-86,-4,-15,-9,-37,-31,-88,-5,-32,-22,-54,-63,-17,-27,-81,-13,-62,-49,-71,-72,-28,-66,-74,-56,-68,-16,-14,-46,-59,-30,-18,-44,-55,-25,-58,-40,-53,-73,-21,-84,-82,-2,-7,-1,-79,-39,-48,-6,-65,-19,-67,-12,-76,-29,-43,-26,-77,-80,-20,-45,-41,-75,-51,-33,-60,-64,-78,-34,-61
-54,-30,-35,-41,-84,-15,-74,-40,-5,-23,-51,-9,-32,-56,-76,-43,-10,-81,-55,-11,-39,-61,-34,-6,-4,-47,-1,-52,-17,-42,-85,-78,-13,-53,-38,-72,-59,-70,-16,-24,-71,-88,-87,-58,-22,-31,-12,-29,-64,-63,-33,-25,-8,-50,-83,-57,-82,-66,-67,-79,-7,-86,-26,-36,-62,-19,-2,-28,-44,-80,-68,-75,-69,-60,-65,-73,-18,-21,-48,-45,-77,-27,-49,-46,-20,-14,-3,-37
-51,-10,-49,-59,-19,-26,-57,-13,-20,-2,-6,-3,-69,-28,-63,-86,-58,-54,-79,-21,-84,-46,-47,-39,-67,-80,-88,-56,-17,-76,-33,-45,-27,-75,-68,-70,-85,-25,-14,-60,-29,-77,-9,-44,-4,-30,-82,-37,-15,-66,-87,-50,-11,-43,-73,-64,-22,-40,-42,-55,-5,-62,-53,-61,-31,-48,-18,-16,-81,-36,-1,-23,-52,-8,-74,-78,-34,-32,-35,-65,-71,-83,-7,-72,-24,-41,-12,-38
-75,-53,-65,-1,-74,-60,-73,-10,-28,-34,-61,-19,-15,-18,-16,-59,-24,-46,-66,-33,-36,-26,-13,-51,-4,-27,-55,-49,-45,-21,-48,-76,-8,-57,-30,-64,-62,-63,-83,-78,-84,-68,-77,-86,-70,-69,-32,-31,-5,-42,-2,-29,-44,-87,-43,-25,-80,-17,-85,-88,-12,-56,-81,-39,-23,-67,-41,-79,-11,-22,-3,-82,-72,-71,-20,-37,-40,-54,-9,-52,-14,-58,-47,-35,-50,-7,-38,-6
-79,-23,-55,-21,-70,-73,-49,-78,-25,-77,-69,-30,-68,-60,-43,-40,-56,-39,-37,-22,-32,-20,-33,-34,-4,-28,-62,-72,-75,-15,-83,-74,-7,-76,-1,-46,-3,-6,-26,-67,-41,-9,-38,-84,-87,-13,-47,-24,-61,-65,-2,-52,-86,-17,-54,-48,-10,-53,-12,-88,-8,-58,-35,-11,-27,-16,-36,-51,-81,-50,-19,-29,-18,-5,-59,-64,-42,-14,-66,-82,-44,-71,-85,-63,-80,-45,-57,-31
-79,-75,-4,-60,-66,-73,-20,-57,-54,-30,-23,-64,-39,-32,-25,-13,-6,-26,-52,-2,-17,-56,-22,-1,-29,-61,-9,-7,-42,-77,-63,-84,-33,-86,-46,-27,-5,-85,-36,-8,-53,-28,-11,-41,-3,-12,-68,-69,-24,-55,-50,-18,-40,-15,-81,-82,-16,-71,-34,-31,-59,-14,-35,-74,-19,-51,-37,-49,-45,-47,-87,-62,-10,-80,-48,-67,-88,-65,-44,-21,-38,-83,-70,-76,-43,-78,-72,-58
-71,-38,-9,-64,-44,-78,-25,-69,-61,-88,-39,-19,-79,-28,-57,-2,-32,-49,-14,-51,-37,-21,-5,-11,-72,-41,-55,-83,-80,-23,-22,-3,-6,-36,-24,-84,-13,-43,-8,-4,-45,-74,-7,-86,-34,-16,-42,-68,-40,-46,-1,-48,-81,-20,-59,-87,-31,-15,-75,-85,-66,-65,-50,-60,-17,-35,-12,-54,-67,-58,-10,-47,-18,-77,-33,-82,-62,-29,-70,-53,-52,-26,-63,-76,-73,-30,-56,-27
-66,-23,-46,-5,-79,-36,-73,-70,-28,-69,-71,-24,-60,-84,-30,-52,-43,-53,-47,-20,-21,-55,-2,-77,-88,-15,-3,-17,-32,-75,-63,-31,-39,-61,-82,-1,-13,-57,-38,-11,-12,-83,-62,-67,-58,-86,-64,-4,-19,-78,-10,-26,-44,-65,-33,-25,-45,-7,-54,-59,-27,-34,-72,-9,-80,-37,-85,-41,-56,-14,-42,-18,-51,-22,-8,-81,-76,-16,-40,-49,-87,-74,-29,-68,-6,-35,-48,-50
-73,-40,-21,-25,-4,-38,-7,-18,-33,-23,-85,-62,-77,-87,-30,-61,-14,-80,-26,-72,-75,-46,-10,-66,-67,-1,-32,-63,-43,-39,-20,-34,-64,-35,-29,-86,-65,-57,-2,-31,-82,-15,-83,-24,-27,-69,-11,-28,-78,-60,-47,-49,-19,-81,-48,-52,-16,-56,-53,-8,-54,-88,-74,-37,-58,-45,-41,-71,-68,-50,-12,-70,-44,-79,-76,-51,-5,-3,-36,-17,-6,-84,-9,-59,-42,-13,-55,-22
-1,-28,-10,-30,-77,-74,-45,-29,-8,-71,-37,-38,-87,-5,-85,-62,-22,-75,-73,-84,-63,-14,-2,-17,-19,-20,-52,-80,-6,-88,-60,-49,-55,-72,-50,-35,-57,-12,-33,-81,-32,-53,-24,-34,-11,-43,-48,-46,-41,-76,-42,-69,-39,-64,-27,-16,-56,-21,-25,-83,-31,-44,-13,-3,-51,-9,-7,-36,-58,-68,-15,-54,-23,-47,-66,-65,-40,-18,-4,-26,-78,-86,-82,-70,-61,-67,-59,-79
-87,-42,-68,-72,-5,-55,-8,-16,-18,-57,-4,-7,-47,-73,-64,-48,-51,-84,-49,-74,-40,-38,-10,-67,-11,-36,-1,-86,-29,-46,-54,-32,-2,-76,-70,-24,-43,-41,-9,-6,-56,-34,-37,-30,-17,-13,-45,-22,-20,-83,-39,-31,-53,-85,-69,-75,-35,-19,-15,-66,-65,-62,-3,-82,-81,-25,-23,-80,-71,-44,-21,-50,-27,-59,-58,-60,-79,-61,-14,-88,-28,-63,-26,-77,-78,-33,-12,-52
-69,-36,-88,-67,-35,-18,-68,-53,-54,-24,-42,-37,-82,-26,-80,-8,-2,-14,-20,-56,-62,-44,-63,-32,-61,-21,-77,-38,-3,-84,-16,-15,-40,-73,-10,-25,-50,-78,-23,-9,-47,-43,-81,-33,-11,-55,-13,-83,-30,-75,-86,-72,-70,-41,-60,-22,-76,-79,-29,-74,-49,-65,-12,-17,-71,-31,-45,-19,-48,-5,-7,-4,-57,-58,-64,-87,-85,-51,-27,-28,-6,-59,-46,-1,-39,-34,-52,-66
-22,-2,-53,-17,-58,-4,-10,-80,-15,-9,-19,-6,-46,-55,-82,-88,-8,-59,-33,-27,-26,-29,-67,-48,-87,-83,-13,-36,-18,-71,-41,-43,-37,-50,-65,-16,-61,-35,-14,-23,-76,-68,-63,-70,-7,-52,-64,-24,-75,-57,-39,-3,-73,-69,-32,-78,-25,-20,-60,-86,-85,-84,-28,-30,-81,-45,-51,-40,-72,-5,-56,-31,-12,-49,-11,-1,-79,-47,-66,-54,-77,-34,-38,-42,-21,-74,-44,-62
-1,-64,-15,-27,-2,-23,-24,-36,-63,-88,-52,-10,-85,-11,-66,-54,-74,-25,-43,-26,-78,-16,-76,-13,-12,-28,-19,-22,-70,-49,-35,-73,-48,-60,-77,-58,-72,-30,-67,-8,-5,-50,-39,-71,-20,-47,-65,-68,-18,-61,-53,-9,-82,-62,-75,-56,-14,-40,-55,-34,-46,-42,-79,-45,-51,-86,-41,-80,-87,-7,-29,-6,-4,-3,-31,-83,-69,-37,-33,-32,-59,-44,-84,-57,-17,-81,-38,-21
-31,-9,-6,-64,-30,-61,-16,-39,-43,-4,-10,-14,-36,-5,-84,-85,-20,-33,-62,-23,-69,-24,-25,-63,-82,-40,-50,-28,-44,-56,-65,-58,-27,-78,-18,-41,-11,-51,-71,-2,-83,-46,-73,-12,-52,-13,-34,-45,-49,-47,-54,-17,-57,-77,-55,-29,-7,-42,-21,-72,-38,-26,-74,-1,-68,-81,-60,-75,-79,-3,-86,-48,-70,-80,-37,-67,-35,-53,-15,-88,-87,-66,-76,-32,-22,-19,-8,-59
-25,-77,-18,-13,-88,-56,-12,-60,-42,-81,-24,-83,-4,-82,-31,-7,-6,-70,-61,-23,-67,-72,-20,-85,-47,-59,-17,-87,-10,-29,-11,-49,-8,-38,-37,-66,-28,-57,-43,-22,-32,-63,-48,-71,-68,-3,-40,-2,-58,-84,-52,-21,-26,-9,-34,-46,-51,-76,-35,-80,-44,-55,-65,-69,-1,-19,-74,-41,-86,-75,-15,-50,-79,-30,-53,-33,-54,-16,-73,-62,-78,-5,-45,-64,-27,-36,-39,-14
-70,-17,-19,-36,-64,-28,-7,-30,-34,-50,-63,-51,-71,-59,-67,-54,-3,-49,-43,-75,-83,-87,-32,-74,-72,-85,-2,-18,-5,-81,-29,-46,-53,-60,-16,-57,-10,-6,-4,-25,-8,-84,-33,-39,-80,-58,-38,-14,-37,-15,-21,-20,-86,-31,-66,-69,-23,-56,-82,-48,-24,-78,-55,-45,-27,-9,-65,-35,-79,-62,-12,-11,-26,-44,-40,-76,-61,-1,-88,-42,-77,-52,-73,-22,-13,-41,-47,-68
-80,-1,-76,-88,-51,-35,-25,-39,-21,-81,-22,-78,-32,-36,-79,-62,-47,-66,-12,-41,-20,-49,-16,-48,-30,-26,-58,-83,-56,-6,-14,-17,-67,-19,-82,-50,-59,-15,-34,-33,-3,-63,-75,-85,-10,-23,-24,-87,-27,-71,-29,-68,-70,-61,-38,-86,-2,-31,-28,-64,-54,-43,-13,-8,-57,-37,-9,-11,-73,-4,-69,-46,-42,-77,-60,-52,-74,-7,-72,-44,-18,-84,-40,-53,-65,-5,-55,-45
-86,-40,-74,-42,-87,-4,-88,-66,-17,-10,-64,-43,-11,-56,-61,-60,-41,-80,-84,-28,-38,-36,-27,-49,-7,-72,-73,-32,-16,-33,-6,-51,-48,-57,-63,-13,-14,-50,-31,-2,-25,-22,-46,-69,-70,-1,-55,-53,-78,-54,-9,-19,-18,-45,-58,-29,-44,-68,-77,-12,-34,-47,-37,-81,-24,-62,-52,-21,-20,-8,-71,-82,-3,-30,-35,-83,-23,-76,-65,-79,-5,-85,-59,-39,-75,-15,-26,-67
-62,-33,-4,-20,-72,-76,-22,-84,-60,-81,-70,-50,-3,-46,-80,-7,-68,-38,-29,-40,-61,-17,-43,-44,-56,-9,-30,-64,-19,-77,-52,-48,-18,-75,-63,-37,-53,-39,-8,-82,-59,-45,-69,-83,-11,-78,-49,-34,-67,-54,-14,-13,-73,-86,-41,-57,-36,-47,-65,-28,-51,-32,-26,-23,-66,-2,-15,-12,-24,-31,-21,-5,-10,-55,-85,-27,-88,-6,-71,-35,-42,-74,-87,-25,-79,-16,-58,-1
-88,-86,-9,-42,-64,-8,-69,-53,-19,-2,-72,-49,-10,-75,-15,-5,-44,-71,-82,-18,-84,-27,-16,-32,-73,-20,-46,-3,-33,-40,-55,-63,-23,-83,-7,-22,-4,-57,-26,-6,-13,-74,-78,-70,-34,-41,-14,-65,-21,-43,-39,-56,-50,-67,-79,-38,-12,-80,-66,-62,-25,-45,-59,-35,-1,-17,-31,-37,-29,-81,-30,-52,-36,-28,-11,-68,-58,-85,-87,-61,-24,-47,-60,-77,-54,-51,-48,-76
-50,-74,-87,-78,-69,-43,-77,-16,-67,-62,-13,-34,-15,-2,-70,-45,-25,-1,-88,-57,-63,-27,-21,-68,-86,-31,-64,-24,-22,-66,-49,-41,-14,-73,-23,-85,-76,-83,-48,-53,-61,-81,-33,-80,-10,-71,-32,-18,-51,-79,-59,-3,-4,-72,-35,-84,-40,-6,-44,-17,-26,-20,-75,-12,-28,-47,-11,-55,-54,-8,-5,-37,-29,-36,-60,-42,-38,-58,-52,-30,-65,-19,-82,-39,-56,-9,-46,-7
-82,-23,-14,-71,-53,-43,-37,-86,-48,-18,-6,-9,-64,-50,-60,-88,-20,-68,-2,-27,-17,-22,-85,-36,-5,-77,-35,-40,-1,-73,-63,-80,-15,-49,-84,-31,-26,-59,-4,-62,-8,-33,-13,-12,-70,-69,-16,-52,-30,-10,-87,-74,-57,-28,-21,-46,-54,-75,-39,-78,-65,-83,-45,-19,-79,-51,-3,-76,-24,-66,-32,-25,-56,-41,-42,-81,-55,-11,-67,-58,-29,-47,-61,-72,-7,-38,-44,-34
-12,-57,-48,-41,-56,-25,-82,-38,-26,-22,-47,-68,-50,-61,-43,-37,-87,-77,-45,-74,-62,-69,-8,-21,-29,-31,-52,-86,-1,-72,-20,-65,-6,-28,-75,-53,-79,-3,-5,-11,-18,-85,-23,-78,-46,-9,-44,-19,-54,-81,-17,-13,-36,-60,-76,-49,-51,-15,-24,-42,-67,-16,-40,-27,-4,-58,-30,-32,-73,-14,-10,-88,-64,-39,-7,-83,-2,-80,-59,-35,-66,-63,-84,-71,-34,-70,-55,-33
-51,-50,-26,-9,-55,-38,-73,-14,-71,-4,-72,-3,-5,-7,-74,-21,-33,-86,-19,-32,-47,-78,-1,-17,-27,-85,-6,-39,-8,-31,-60,-29,-15,-80,-58,-63,-11,-20,-79,-30,-46,-40,-57,-66,-37,-2,-76,-44,-12,-68,-23,-56,-54,-43,-88,-42,-65,-18,-87,-45,-34,-49,-69,-36,-28,-22,-13,-16,-77,-70,-53,-82,-64,-10,-41,-24,-84,-67,-52,-62,-48,-81,-61,-35,-75,-25,-83,-59
-84,-44,-24,-23,-64,-55,-48,-27,-61,-68,-73,-8,-88,-67,-19,-32,-9,-17,-2,-43,-72,-6,-34,-46,-14,-78,-60,-37,-31,-65,-56,-75,-35,-41,-12,-40,-71,-42,-11,-63,-70,-26,-66,-87,-5,-4,-33,-13,-53,-76,-52,-54,-80,-7,-82,-79,-50,-18,-10,-45,-38,-74,-69,-39,-49,-1,-77,-15,-83,-3,-57,-25,-29,-58,-51,-36,-21,-59,-20,-81,-30,-85,-86,-22,-28,-62,-16,-47
-37,-84,-40,-17,-83,-79,-81,-47,-49,-38,-87,-46,-75,-61,-58,-52,-11,-10,-6,-15,-66,-48,-16,-74,-31,-7,-82,-55,-32,-12,-71,-23,-20,-60,-4,-44,-18,-22,-50,-3,-65,-29,-88,-43,-1,-13,-51,-39,-19,-69,-45,-14,-26,-28,-77,-21,-27,-5,-2,-72,-64,-30,-56,-62,-35,-34,-24,-9,-76,-25,-42,-68,-8,-53,-41,-63,-57,-70,-33,-86,-80,-67,-54,-73,-85,-59,-36,-78
-73,-50,-61,-59,-12,-35,-2,-64,-16,-60,-5,-85,-1,-75,-86,-84,-42,-69,-74,-34,-20,-3,-38,-46,-17,-26,-8,-81,-57,-88,-83,-58,-27,-54,-80,-67,-40,-43,-32,-4,-6,-24,-82,-76,-39,-62,-9,-22,-56,-70,-29,-25,-13,-31,-68,-33,-19,-36,-45,-41,-37,-79,-53,-10,-18,-66,-51,-47,-49,-30,-48,-21,-52,-14,-63,-71,-78,-28,-77,-55,-15,-23,-65,-7,-11,-44,-87,-72
-64,-59,-57,-18,-87,-12,-27,-71,-22,-79,-23,-62,-39,-69,-73,-10,-75,-5,-70,-44,-1,-13,-21,-60,-85,-38,-9,-65,-83,-46,-7,-36,-29,-19,-74,-67,-20,-2,-55,-34,-88,-24,-31,-86,-30,-41,-56,-33,-58,-77,-78,-84,-63,-54,-61,-66,-40,-76,-17,-50,-47,-42,-72,-8,-80,-16,-28,-15,-45,-11,-14,-51,-53,-35,-26,-49,-3,-52,-48,-25,-37,-68,-81,-43,-32,-6,-82,-4
-81,-34,-30,-4,-33,-31,-8,-19,-62,-48,-58,-12,-73,-47,-68,-69,-59,-64,-72,-66,-88,-27,-5,-13,-21,-49,-3,-87,-11,-55,-26,-16,-29,-74,-84,-79,-39,-25,-61,-18,-53,-52,-43,-51,-85,-24,-37,-46,-23,-65,-20,-41,-44,-45,-22,-9,-7,-60,-76,-67,-50,-2,-38,-54,-35,-6,-70,-32,-82,-36,-17,-86,-56,-63,-28,-71,-42,-14,-10,-40,-78,-83,-80,-57,-1,-77,-75,-15
-57,-25,-24,-71,-64,-47,-82,-80,-29,-2,-78,-8,-83,-18,-60,-23,-65,-88,-76,-6,-59,-56,-15,-63,-4,-34,-49,-36,-7,-1,-44,-79,-72,-10,-73,-27,-11,-46,-84,-35,-50,-52,-86,-53,-45,-48,-3,-70,-51,-85,-14,-5,-74,-58,-61,-41,-21,-26,-54,-62,-66,-19,-20,-37,-22,-39,-77,-87,-81,-12,-28,-33,-32,-38,-69,-42,-75,-55,-40,-68,-16,-30,-9,-17,-13,-31,-43,-67
-78,-62,-81,-27,-71,-59,-22,-79,-28,-25,-88,-69,-9,-50,-72,-45,-8,-34,-15,-44,-70,-32,-18,-1,-21,-3,-19,-16,-46,-60,-76,-86,-52,-85,-67,-40,-5,-42,-53,-35,-26,-74,-58,-66,-39,-37,-51,-38,-83,-61,-7,-6,-29,-49,-11,-20,-73,-33,-10,-4,-68,-87,-13,-14,-41,-36,-64,-77,-84,-43,-17,-80,-23,-12,-56,-57,-55,-2,-31,-48,-65,-63,-82,-47,-24,-75,-30,-54
-88,-79,-27,-18,-36,-43,-40,-21,-12,-86,-57,-70,-29,-71,-82,-41,-72,-51,-50,-7,-75,-3,-59,-83,-78,-28,-85,-38,-73,-63,-6,-17,-33,-74,-77,-65,-37,-9,-5,-61,-13,-31,-62,-52,-24,-76,-87,-81,-53,-11,-47,-44,-55,-34,-48,-23,-10,-84,-54,-69,-19,-16,-64,-32,-4,-42,-45,-58,-30,-2,-25,-60,-15,-39,-66,-68,-35,-14,-26,-80,-8,-49,-67,-46,-20,-22,-56,-1
-42,-3,-37,-8,-67,-15,-34,-21,-20,-61,-66,-45,-70,-35,-72,-74,-56,-82,-87,-28,-85,-7,-4,-79,-29,-46,-22,-30,-77,-31,-63,-75,-12,-88,-60,-24,-27,-57,-50,-25,-19,-86,-81,-65,-49,-6,-54,-62,-13,-40,-2,-80,-52,-53,-43,-32,-78,-51,-76,-83,-33,-68,-55,-5,-16,-18,-23,-58,-73,-9,-1,-26,-39,-10,-44,-48,-36,-38,-41,-69,-17,-14,-11,-84,-59,-47,-71,-64
-44,-26,-7,-84,-81,-72,-75,-58,-25,-41,-30,-37,-20,-9,-11,-87,-27,-39,-49,-86,-40,-60,-15,-71,-76,-32,-24,-68,-47,-33,-21,-28,-4,-77,-31,-10,-83,-50,-48,-3,-17,-43,-55,-34,-66,-52,-78,-1,-74,-64,-5,-63,-38,-62,-57,-73,-23,-45,-29,-53,-35,-59,-65,-61,-6,-82,-46,-80,-36,-88,-12,-18,-8,-51,-16,-19,-79,-69,-56,-54,-14,-42,-70,-22,-85,-13,-67,-2
-36,-32,-72,-52,-60,-5,-65,-6,-20,-30,-61,-11,-28,-73,-8,-75,-58,-66,-40,-86,-63,-39,-35,-56,-1,-55,-47,-16,-14,-68,-21,-71,-25,-13,-87,-84,-77,-67,-44,-42,-48,-43,-15,-76,-24,-78,-22,-57,-18,-23,-33,-26,-54,-81,-38,-34,-53,-17,-64,-49,-9,-46,-37,-74,-41,-88,-69,-31,-83,-82,-10,-45,-7,-59,-3,-80,-2,-29,-19,-85,-70,-79,-50,-62,-4,-27,-51,-12
-25,-47,-20,-33,-40,-15,-61,-5,-29,-48,-45,-31,-1,-34,-55,-60,-17,-58,-59,-70,-16,-23,-50,-69,-62,-54,-65,-18,-8,-77,-83,-9,-67,-28,-36,-84,-22,-53,-75,-24,-46,-12,-3,-85,-71,-11,-7,-78,-37,-87,-21,-14,-6,-88,-72,-86,-66,-56,-79,-2,-41,-49,-19,-43,-10,-44,-13,-82,-76,-57,-4,-68,-39,-38,-81,-74,-63,-51,-27,-73,-80,-26,-64,-35,-52,-42,-32,-30
-69,-3,-1,-30,-81,-36,-27,-21,-13,-28,-56,-6,-10,-53,-80,-44,-8,-59,-50,-2,-38,-7,-31,-5,-34,-71,-33,-66,-14,-45,-72,-37,-47,-63,-54,-73,-32,-40,-26,-25,-41,-35,-78,-58,-74,-15,-49,-75,-19,-84,-22,-12,-85,-46,-82,-24,-51,-77,-52,-48,-61,-23,-70,-65,-86,-39,-16,-79,-18,-55,-43,-67,-17,-4,-42,-57,-68,-87,-88,-62,-60,-20,-29,-11,-64,-76,-83,-9
-51,-78,-21,-60,-64,-23,-33,-77,-48,-17,-66,-12,-32,-61,-84,-56,-36,-45,-54,-73,-59,-87,-27,-52,-7,-69,-68,-24,-42,-22,-49,-41,-34,-31,-19,-47,-15,-85,-10,-40,-86,-20,-8,-79,-13,-76,-71,-9,-63,-5,-4,-2,-43,-67,-39,-14,-1,-75,-74,-70,-3,-46,-35,-18,-6,-58,-62,-55,-26,-38,-16,-11,-29,-28,-50,-82,-72,-53,-30,-81,-80,-88,-83,-25,-37,-57,-65,-44
-82,-62,-67,-34,-52,-4,-68,-37,-39,-13,-49,-2,-84,-75,-61,-47,-65,-32,-15,-27,-87,-26,-8,-66,-28,-35,-30,-57,-1,-59,-79,-48,-17,-19,-40,-41,-71,-29,-3,-9,-10,-23,-54,-38,-31,-5,-64,-14,-7,-73,-70,-58,-81,-78,-80,-43,-18,-11,-42,-74,-46,-63,-55,-83,-76,-50,-44,-53,-33,-6,-36,-88,-21,-85,-16,-86,-24,-56,-22,-25,-72,-51,-69,-20,-12,-60,-45,-77
-36,-51,-4,-50,-30,-86,-73,-65,-37,-31,-74,-2,-76,-41,-78,-14,-24,-43,-10,-47,-45,-63,-15,-7,-88,-79,-32,-19,-11,-60,-84,-28,-25,-38,-59,-8,-1,-9,-71,-33,-26,-34,-83,-75,-13,-48,-40,-67,-46,-80,-5,-23,-61,-27,-68,-20,-58,-54,-66,-85,-16,-52,-53,-62,-55,-42,-18,-57,-44,-22,-82,-12,-56,-6,-69,-77,-49,-81,-72,-29,-70,-35,-17,-87,-64,-3,-21,-39
-65,-66,-46,-32,-74,-6,-41,-84,-13,-11,-68,-7,-26,-49,-42,-80,-50,-20,-21,-85,-60,-30,-19,-61,-28,-37,-31,-12,-14,-15,-16,-36,-18,-72,-22,-63,-43,-73,-8,-40,-70,-67,-39,-17,-29,-10,-24,-33,-35,-47,-59,-52,-57,-44,-58,-79,-77,-51,-81,-71,-53,-75,-3,-56,-1,-54,-69,-5,-87,-2,-9,-76,-38,-25,-55,-78,-86,-4,-45,-88,-82,-62,-83,-23,-34,-27,-64,-48
-88,-49,-38,-85,-19,-35,-63,-34,-82,-76,-18,-20,-53,-79,-50,-41,-23,-9,-87,-72,-42,-33,-74,-45,-21,-11,-57,-17,-7,-29,-40,-2,-70,-6,-39,-75,-28,-65,-37,-5,-47,-48,-58,-86,-24,-62,-14,-3,-36,-59,-66,-78,-55,-51,-52,-73,-81,-27,-69,-25,-8,-61,-4,-44,-26,-12,-68,-56,-83,-10,-60,-32,-30,-31,-43,-67,-16,-13,-71,-64,-22,-54,-46,-80,-77,-84,-1,-15
-60,-45,-32,-14,-23,-86,-4,-54,-55,-78,-48,-34,-53,-80,-68,-2,-22,-82,-75,-72,-59,-44,-1,-79,-11,-24,-77,-46,-74,-49,-40,-85,-17,-63,-57,-29,-7,-18,-39,-35,-19,-84,-83,-87,-31,-3,-28,-16,-21,-69,-13,-41,-88,-61,-76,-30,-8,-51,-47,-70,-52,-73,-12,-25,-9,-33,-71,-42,-67,-43,-38,-62,-20,-81,-36,-64,-50,-56,-5,-66,-37,-26,-58,-65,-27,-6,-15,-10
-59,-15,-33,-62,-70,-85,-11,-67,-55,-25,-75,-36,-45,-38,-31,-8,-63,-20,-28,-10,-69,-32,-74,-37,-16,-9,-34,-1,-58,-35,-21,-78,-3,-86,-60,-71,-83,-81,-18,-30,-5,-12,-64,-87,-4,-52,-44,-46,-6,-13,-39,-48,-80,-47,-26,-56,-7,-54,-79,-76,-29,-61,-50,-57,-23,-49,-73,-27,-68,-2,-51,-40,-42,-72,-43,-65,-22,-41,-84,-66,-53,-17,-24,-82,-14,-88,-77,-19
-27,-43,-11,-38,-85,-37,-36,-58,-29,-46,-60,-40,-5,-59,-33,-45,-21,-4,-31,-66,-74,-72,-54,-35,-86,-78,-83,-63,-18,-34,-15,-64,-25,-53,-65,-23,-79,-87,-16,-19,-12,-50,-55,-49,-42,-2,-30,-39,-10,-28,-32,-52,-68,-73,-8,-14,-56,-7,-62,-76,-1,-44,-88,-51,-9,-48,-22,-84,-47,-57,-6,-41,-13,-26,-20,-70,-71,-75,-3,-77,-24,-82,-80,-81,-69,-67,-61,-17
-69,-28,-88,-45,-5,-57,-56,-26,-21,-83,-48,-76,-77,-50,-29,-81,-66,-27,-15,-39,-65,-34,-36,-62,-46,-19,-13,-7,-80,-64,-20,-53,-11,-41,-49,-10,-4,-9,-54,-8,-61,-40,-47,-73,-12,-3,-52,-37,-85,-87,-17,-31,-55,-70,-78,-86,-6,-33,-14,-51,-75,-74,-25,-18,-42,-22,-68,-23,-72,-24,-2,-60,-16,-71,-43,-79,-30,-63,-59,-38,-44,-35,-84,-82,-32,-1,-67,-58
-7,-57,-81,-68,-47,-59,-29,-72,-21,-70,-1,-30,-77,-38,-67,-12,-8,-69,-62,-32,-80,-4,-63,-82,-15,-3,-61,-14,-20,-31,-9,-60,-2,-87,-26,-50,-19,-73,-17,-5,-52,-33,-56,-55,-11,-53,-24,-28,-16,-83,-41,-34,-65,-58,-64,-13,-42,-75,-43,-46,-74,-78,-71,-27,-84,-36,-10,-66,-23,-40,-22,-37,-86,-25,-45,-76,-39,-44,-51,-49,-88,-54,-35,-85,-48,-79,-6,-18
-18,-29,-1,-61,-35,-64,-31,-60,-3,-50,-5,-16,-48,-30,-49,-71,-72,-52,-63,-87,-54,-36,-42,-88,-6,-57,-76,-75,-13,-41,-28,-68,-23,-27,-84,-44,-86,-24,-56,-46,-37,-12,-81,-83,-47,-62,-70,-21,-58,-59,-80,-55,-7,-78,-82,-79,-32,-85,-17,-73,-33,-8,-10,-65,-14,-39,-9,-2,-67,-4,-20,-53,-15,-43,-69,-45,-77,-66,-40,-11,-38,-74,-34,-22,-26,-51,-25,-19
-50,-35,-47,-7,-58,-53,-41,-74,-27,-26,-43,-29,-18,-12,-83,-31,-62,-72,-44,-14,-13,-52,-57,-4,-23,-66,-85,-39,-16,-56,-84,-64,-60,-65,-54,-61,-5,-2,-42,-25,-19,-46,-10,-9,-88,-24,-21,-1,-6,-81,-15,-59,-36,-80,-17,-76,-71,-63,-86,-37,-11,-8,-49,-68,-22,-48,-45,-33,-82,-78,-3,-38,-67,-55,-73,-69,-34,-20,-70,-77,-28,-32,-87,-75,-40,-51,-30,-79
-26,-38,-65,-66,-14,-42,-73,-63,-7,-49,-85,-40,-68,-46,-41,-54,-16,-9,-59,-27,-84,-29,-36,-8,-33,-2,-13,-10,-24,-55,-45,-47,-17,-15,-87,-4,-62,-83,-6,-32,-31,-67,-35,-44,-52,-25,-61,-21,-77,-79,-11,-75,-23,-60,-20,-57,-74,-82,-37,-30,-22,-69,-70,-56,-72,-86,-39,-76,-64,-12,-3,-81,-51,-19,-88,-78,-34,-28,-48,-71,-43,-50,-53,-58,-1,-5,-80,-18
-82,-85,-65,-31,-7,-51,-27,-36,-14,-18,-59,-12,-78,-66,-88,-86,-30,-71,-17,-80,-61,-1,-62,-46,-75,-42,-57,-6,-10,-54,-56,-52,-4,-16,-74,-41,-3,-25,-28,-37,-39,-72,-79,-45,-43,-21,-33,-38,-2,-53,-15,-22,-63,-20,-68,-58,-32,-34,-23,-26,-67,-19,-47,-8,-70,-35,-13,-29,-76,-50,-9,-84,-60,-55,-69,-87,-49,-48,-44,-83,-73,-5,-77,-11,-64,-81,-40,-24
-7,-1,-59,-60,-19,-35,-82,-21,-23,-56,-77,-13,-47,-9,-83,-46,-12,-31,-42,-28,-50,-22,-27,-8,-39,-6,-25,-44,-16,-48,-79,-66,-14,-85,-71,-67,-32,-57,-45,-18,-24,-30,-70,-52,-4,-75,-3,-61,-68,-20,-33,-34,-74,-84,-73,-55,-54,-5,-76,-81,-26,-78,-40,-29,-38,-64,-17,-49,-43,-2,-80,-86,-37,-36,-88,-72,-41,-58,-65,-69,-63,-10,-11,-87,-15,-53,-51,-62
-74,-54,-22,-31,-58,-25,-39,-79,-75,-77,-46,-9,-80,-37,-59,-32,-4,-61,-27,-49,-85,-55,-33,-40,-15,-48,-34,-69,-42,-28,-11,-14,-7,-82,-3,-53,-38,-16,-52,-86,-57,-23,-8,-87,-50,-18,-56,-72,-30,-83,-41,-5,-84,-21,-12,-76,-47,-67,-81,-19,-13,-63,-68,-60,-10,-65,-24,-88,-43,-1,-17,-45,-20,-35,-64,-78,-66,-70,-29,-71,-51,-62,-73,-36,-6,-44,-2,-26
-85,-19,-31,-8,-77,-18,-64,-66,-57,-10,-59,-27,-69,-17,-9,-43,-5,-16,-34,-12,-37,-4,-82,-73,-30,-24,-55,-84,-39,-3,-79,-32,-35,-60,-80,-20,-28,-40,-2,-65,-11,-67,-81,-58,-15,-88,-44,-26,-76,-86,-14,-38,-78,-22,-62,-46,-36,-6,-52,-68,-33,-74,-56,-1,-45,-72,-47,-70,-83,-25,-13,-54,-71,-61,-49,-63,-21,-51,-7,-41,-53,-48,-87,-75,-50,-23,-29,-42
-9,-21,-1,-5,-8,-15,-3,-16,-7,-78,-64,-47,-85,-80,-61,-82,-10,-50,-54,-76,-20,-44,-12,-46,-19,-27,-56,-17,-18,-60,-51,-71,-39,-65,-33,-67,-31,-38,-77,-25,-62,-49,-55,-86,-72,-66,-30,-84,-83,-87,-13,-40,-43,-11,-52,-81,-36,-4,-88,-57,-28,-35,-23,-53,-74,-14,-29,-70,-79,-48,-2,-41,-45,-59,-63,-73,-26,-42,-22,-75,-6,-24,-34,-68,-37,-58,-69,-32
-56,-63,-24,-66,-65,-20,-71,-62,-85,-57,-5,-15,-64,-43,-35,-26,-28,-16,-77,-55,-76,-21,-9,-74,-19,-83,-14,-48,-60,-25,-34,-59,-8,-72,-54,-73,-41,-47,-1,-40,-2,-11,-44,-86,-58,-81,-45,-84,-49,-69,-31,-68,-82,-3,-88,-12,-27,-22,-10,-67,-75,-46,-17,-61,-32,-4,-6,-36,-51,-30,-50,-39,-7,-37,-42,-79,-80,-70,-52,-38,-33,-87,-78,-53,-29,-23,-13,-18
-73,-37,-34,-79,-72,-38,-50,-84,-3,-8,-77,-52,-80,-74,-66,-18,-10,-57,-36,-76,-39,-46,-6,-55,-2,-83,-81,-14,-28,-64,-15,-32,-27,-61,-45,-54,-24,-65,-1,-11,-44,-17,-88,-62,-9,-22,-68,-85,-41,-75,-5,-7,-49,-19,-69,-43,-25,-29,-47,-48,-51,-58,-56,-71,-20,-4,-26,-59,-53,-13,-35,-82,-40,-70,-30,-78,-42,-21,-86,-63,-16,-87,-12,-33,-31,-23,-60,-67
-53,-16,-19,-45,-65,-1,-18,-43,-55,-46,-34,-87,-72,-61,-39,-52,-23,-2,-26,-49,-13,-21,-40,-44,-22,-42,-50,-47,-58,-82,-14,-31,-15,-60,-81,-73,-67,-66,-78,-8,-17,-75,-33,-59,-35,-9,-84,-76,-10,-25,-5,-69,-63,-86,-88,-57,-56,-6,-24,-85,-7,-68,-74,-48,-64,-71,-83,-54,-51,-32,-37,-38,-11,-12,-3,-20,-62,-77,-27,-36,-79,-30,-41,-70,-80,-29,-28,-4
-53,-42,-14,-29,-75,-61,-34,-45,-26,-35,-23,-64,-1,-80,-30,-41,-18,-87,-72,-31,-86,-10,-44,-55,-68,-25,-46,-49,-51,-60,-69,-17,-63,-28,-33,-11,-2,-76,-21,-16,-79,-47,-84,-88,-71,-57,-20,-37,-19,-39,-24,-9,-56,-4,-74,-70,-67,-22,-13,-81,-8,-36,-50,-40,-65,-54,-27,-66,-82,-3,-6,-85,-38,-7,-48,-62,-59,-43,-83,-12,-15,-77,-78,-5,-58,-52,-73,-32
-67,-1,-86,-77,-39,-16,-14,-60,-10,-28,-83,-52,-41,-23,-27,-62,-54,-64,-50,-68,-80,-7,-8,-79,-34,-19,-85,-58,-36,-12,-76,-11,-26,-66,-31,-25,-88,-73,-53,-2,-37,-51,-48,-46,-21,-82,-33,-9,-6,-78,-55,-43,-57,-65,-75,-81,-35,-18,-17,-30,-32,-38,-61,-44,-24,-49,-5,-22,-84,-72,-4,-13,-45,-20,-40,-56,-74,-42,-15,-69,-63,-29,-59,-70,-87,-71,-47,-3
-88,-56,-69,-21,-81,-32,-63,-23,-78,-68,-34,-50,-38,-49,-86,-71,-7,-82,-65,-17,-28,-24,-10,-64,-53,-70,-43,-14,-84,-9,-15,-74,-2,-77,-57,-87,-27,-41,-51,-18,-62,-37,-31,-58,-47,-4,-61,-26,-55,-80,-22,-79,-75,-12,-48,-59,-67,-44,-73,-25,-20,-29,-52,-83,-54,-60,-40,-13,-45,-66,-36,-11,-16,-42,-8,-72,-30,-5,-46,-85,-33,-35,-76,-6,-3,-19,-1,-39
-59,-73,-10,-4,-31,-15,-37,-40,-33,-25,-24,-66,-85,-58,-72,-79,-9,-8,-14,-86,-29,-43,-45,-48,-3,-77,-19,-13,-23,-42,-2,-36,-7,-71,-17,-44,-88,-27,-11,-12,-30,-39,-54,-70,-82,-1,-28,-34,-53,-50,-67,-61,-84,-74,-83,-80,-62,-38,-46,-55,-6,-78,-22,-65,-5,-76,-87,-56,-52,-41,-20,-32,-18,-68,-81,-51,-49,-16,-35,-26,-64,-69,-75,-60,-47,-57,-21,-63
-51,-87,-9,-76,-88,-6,-10,-77,-56,-43,-12,-34,-79,-36,-15,-18,-11,-22,-3,-80,-60,-20,-49,-45,-65,-39,-58,-30,-85,-29,-67,-78,-44,-40,-71,-82,-31,-84,-5,-68,-8,-27,-81,-2,-7,-33,-26,-69,-63,-55,-4,-75,-37,-16,-28,-59,-53,-72,-73,-70,-14,-66,-61,-57,-38,-17,-86,-83,-64,-13,-46,-19,-47,-24,-41,-50,-52,-54,-23,-62,-48,-1,-21,-42,-32,-74,-25,-35
-62,-34,-28,-3,-82,-79,-25,-52,-16,-22,-24,-10,-11,-51,-38,-26,-15,-44,-65,-56,-43,-18,-36,-66,-8,-54,-57,-80,-63,-13,-71,-5,-68,-61,-85,-46,-48,-35,-41,-7,-29,-67,-14,-78,-47,-72,-49,-64,-42,-33,-59,-9,-69,-81,-74,-31,-30,-60,-58,-23,-87,-45,-20,-86,-17,-1,-55,-53,-83,-50,-32,-73,-19,-6,-70,-88,-84,-40,-27,-39,-12,-4,-76,-77,-75,-37,-2,-21
-45,-6,-37,-53,-78,-39,-49,-62,-1,-19,-83,-10,-5,-72,-48,-3,-13,-71,-22,-88,-81,-51,-7,-38,-76,-61,-55,-75,-25,-12,-31,-85,-27,-59,-42,-52,-29,-30,-32,-8,-70,-28,-44,-86,-33,-4,-56,-58,-35,-87,-18,-17,-80,-21,-84,-79,-47,-15,-24,-68,-16,-67,-9,-41,-11,-2,-74,-60,-43,-69,-63,-54,-40,-46,-82,-57,-36,-14,-64,-20,-26,-73,-77,-50,-66,-65,-34,-23
-2,-35,-65,-9,-83,-24,-45,-44,-34,-86,-19,-11,-52,-7,-67,-84,-36,-18,-20,-55,-88,-21,-25,-56,-17,-79,-47,-16,-31,-23,-8,-28,-6,-70,-38,-53,-42,-27,-12,-33,-40,-48,-62,-57,-59,-69,-14,-32,-39,-64,-3,-77,-50,-76,-41,-46,-68,-60,-87,-81,-74,-72,-54,-4,-61,-1,-29,-63,-85,-30,-51,-71,-5,-58,-13,-66,-37,-26,-73,-75,-10,-43,-82,-49,-22,-15,-80,-78
-10,-68,-50,-74,-18,-5,-9,-30,-19,-13,-57,-34,-82,-39,-84,-8,-25,-16,-59,-1,-76,-3,-42,-77,-28,-81,-65,-20,-47,-58,-21,-17,-75,-79,-32,-85,-35,-71,-2,-14,-37,-66,-86,-24,-7,-38,-45,-56,-70,-4,-33,-22,-64,-61,-62,-53,-78,-11,-83,-43,-51,-60,-72,-44,-55,-48,-46,-6,-88,-41,-73,-54,-80,-15,-69,-31,-63,-12,-87,-29,-27,-52,-49,-36,-23,-40,-67,-26
-65,-68,-2,-57,-47,-58,-36,-7,-20,-66,-23,-48,-87,-72,-79,-32,-19,-31,-86,-54,-80,-6,-76,-13,-67,-25,-4,-60,-50,-11,-70,-15,-14,-52,-75,-8,-39,-84,-33,-3,-43,-21,-62,-59,-53,-56,-26,-74,-51,-45,-71,-5,-49,-55,-83,-38,-46,-63,-73,-34,-1,-28,-64,-30,-9,-12,-10,-41,-77,-37,-42,-40,-18,-88,-27,-69,-85,-78,-16,-17,-82,-24,-44,-35,-22,-29,-61,-81
-60,-7,-66,-69,-83,-39,-33,-55,-85,-30,-13,-86,-41,-87,-81,-26,-43,-46,-23,-9,-73,-57,-36,-50,-4,-14,-37,-54,-5,-15,-25,-88,-17,-49,-64,-19,-32,-48,-68,-2,-34,-71,-75,-84,-3,-16,-28,-31,-38,-40,-29,-27,-56,-80,-82,-10,-61,-44,-78,-77,-47,-63,-12,-74,-24,-53,-18,-11,-20,-52,-65,-51,-45,-1,-72,-62,-21,-6,-67,-79,-58,-76,-59,-35,-8,-70,-22,-42
-50,-25,-35,-39,-15,-73,-16,-84,-38,-30,-64,-9,-72,-21,-56,-26,-29,-44,-13,-32,-28,-74,-27,-34,-5,-31,-12,-42,-2,-85,-76,-6,-3,-62,-43,-46,-24,-41,-33,-10,-59,-88,-79,-17,-7,-40,-49,-45,-11,-86,-54,-52,-23,-60,-47,-8,-78,-58,-53,-61,-1,-51,-83,-70,-55,-81,-18,-19,-22,-69,-67,-87,-66,-4,-68,-36,-80,-65,-77,-75,-14,-37,-63,-82,-20,-48,-71,-57
-75,-77,-3,-34,-10,-49,-13,-60,-6,-20,-88,-4,-15,-18,-42,-69,-29,-53,-43,-52,-58,-28,-87,-56,-38,-44,-54,-8,-5,-27,-2,-24,-64,-19,-41,-59,-61,-39,-22,-36,-48,-73,-65,-83,-12,-63,-37,-9,-76,-67,-33,-7,-47,-70,-79,-66,-86,-68,-21,-25,-30,-84,-40,-26,-45,-31,-82,-14,-71,-35,-11,-1,-51,-50,-74,-80,-32,-23,-17,-62,-78,-72,-55,-85,-57,-16,-81,-46
-24,-58,-48,-63,-33,-37,-82,-86,-41,-23,-20,-15,-85,-70,-46,-84,-60,-21,-26,-13,-73,-8,-78,-50,-18,-25,-10,-30,-61,-59,-53,-42,-62,-22,-28,-35,-51,-52,-77,-27,-67,-66,-55,-54,-3,-19,-32,-81,-29,-71,-5,-16,-34,-83,-87,-38,-6,-4,-64,-40,-7,-39,-11,-56,-43,-9,-74,-12,-69,-47,-17,-65,-31,-1,-79,-80,-75,-36,-72,-88,-2,-45,-76,-14,-49,-57,-44,-68
-60,-33,-40,-20,-72,-86,-39,-32,-14,-48,-73,-24,-78,-30,-41,-85,-55,-84,-74,-88,-71,-29,-9,-54,-42,-81,-83,-70,-19,-6,-10,-87,-2,-7,-28,-69,-66,-15,-36,-8,-3,-64,-38,-57,-82,-50,-27,-49,-44,-58,-34,-68,-75,-5,-52,-4,-22,-46,-45,-51,-65,-16,-25,-43,-61,-11,-13,-37,-21,-53,-31,-67,-26,-77,-35,-76,-12,-17,-56,-1,-80,-47,-23,-79,-62,-63,-18,-59
-81,-50,-15,-47,-62,-43,-68,-37,-56,-32,-8,-1,-60,-71,-64,-12,-58,-65,-17,-35,-46,-75,-86,-33,-48,-53,-2,-69,-83,-44,-34,-6,-27,-73,-4,-28,-10,-29,-19,-16,-42,-76,-82,-52,-21,-40,-23,-26,-54,-88,-25,-70,-55,-87,-78,-39,-24,-51,-61,-45,-9,-38,-67,-7,-5,-84,-3,-18,-77,-41,-14,-72,-31,-85,-30,-66,-36,-22,-63,-59,-80,-74,-79,-57,-11,-49,-20,-13
-32,-63,-27,-68,-78,-47,-86,-42,-25,-77,-16,-61,-79,-18,-73,-85,-66,-28,-26,-37,-87,-7,-46,-39,-3,-40,-64,-57,-74,-50,-81,-8,-31,-67,-1,-76,-17,-59,-10,-19,-33,-9,-84,-51,-2,-41,-38,-12,-45,-88,-15,-60,-62,-71,-80,-69,-82,-58,-49,-23,-29,-75,-72,-5,-52,-54,-36,-44,-48,-34,-11,-6,-22,-20,-21,-53,-24,-4,-14,-70,-13,-35,-56,-55,-83,-30,-43,-65
-66,-26,-55,-83,-76,-1,-40,-78,-31,-42,-53,-49,-5,-24,-65,-54,-69,-73,-47,-6,-11,-68,-17,-85,-87,-19,-13,-58,-3,-72,-46,-48,-12,-63,-52,-86,-35,-81,-38,-9,-67,-44,-71,-84,-29,-23,-39,-82,-7,-22,-30,-61,-21,-79,-57,-34,-36,-51,-28,-33,-18,-16,-64,-27,-62,-43,-25,-20,-88,-37,-75,-14,-4,-50,-32,-77,-15,-59,-41,-8,-74,-80,-70,-56,-45,-2,-60,-10
-81,-8,-73,-14,-84,-47,-38,-18,-13,-61,-62,-83,-80,-41,-87,-26,-74,-39,-82,-24,-44,-66,-33,-71,-2,-65,-48,-34,-10,-21,-28,-22,-29,-72,-77,-25,-27,-3,-53,-7,-75,-31,-6,-76,-63,-5,-36,-46,-78,-69,-11,-4,-88,-59,-50,-9,-58,-85,-86,-51,-60,-17,-56,-40,-16,-42,-67,-19,-32,-49,-1,-12,-37,-64,-35,-57,-43,-54,-55,-45,-52,-70,-68,-79,-20,-23,-15,-30
-88,-8,-3,-42,-9,-84,-55,-49,-77,-47,-30,-11,-67,-26,-70,-7,-21,-79,-60,-22,-72,-31,-35,-5,-62,-53,-24,-39,-38,-63,-50,-44,-80,-20,-52,-43,-17,-13,-28,-54,-83,-76,-59,-81,-1,-18,-34,-46,-74,-68,-27,-87,-40,-45,-58,-75,-48,-82,-12,-64,-15,-66,-14,-29,-6,-37,-19,-57,-85,-10,-33,-71,-41,-86,-23,-65,-78,-2,-16,-25,-32,-36,-69,-73,-61,-56,-51,-4
-80,-10,-51,-44,-85,-28,-63,-74,-39,-18,-29,-12,-25,-70,-57,-73,-47,-17,-36,-27,-88,-50,-20,-5,-72,-58,-64,-23,-54,-87,-48,-21,-26,-78,-49,-68,-19,-60,-11,-41,-9,-2,-79,-43,-7,-14,-76,-55,-8,-67,-33,-6,-4,-62,-40,-66,-61,-13,-56,-75,-16,-84,-32,-38,-31,-3,-1,-71,-65,-37,-15,-77,-46,-30,-24,-35,-52,-69,-86,-45,-22,-59,-82,-42,-53,-34,-83,-81
-65,-49,-76,-83,-43,-6,-18,-79,-25,-48,-60,-4,-66,-63,-22,-88,-73,-33,-7,-68,-87,-39,-15,-34,-27,-8,-38,-51,-45,-67,-59,-62,-74,-71,-47,-12,-32,-30,-13,-50,-55,-11,-5,-85,-21,-56,-80,-57,-19,-17,-10,-58,-75,-36,-82,-20,-44,-81,-16,-40,-78,-35,-2,-53,-64,-41,-9,-31,-29,-77,-23,-69,-28,-52,-84,-72,-14,-3,-37,-70,-24,-46,-86,-54,-26,-42,-61,-1
-41,-58,-63,-74,-73,-17,-22,-35,-16,-46,-23,-26,-40,-37,-85,-60,-7,-55,-9,-38,-43,-50,-14,-20,-5,-54,-61,-75,-18,-6,-80,-51,-28,-82,-71,-12,-8,-36,-39,-47,-77,-1,-57,-27,-42,-21,-13,-11,-34,-87,-56,-19,-78,-84,-52,-33,-53,-31,-25,-49,-15,-3,-68,-10,-69,-62,-59,-4,-64,-48,-24,-67,-72,-76,-81,-66,-45,-83,-86,-79,-44,-65,-30,-32,-29,-70,-88,-2
-67,-48,-57,-17,-77,-33,-39,-12,-16,-23,-66,-65,-72,-59,-79,-19,-62,-50,-44,-29,-13,-26,-60,-64,-32,-56,-22,-87,-4,-14,-6,-76,-15,-27,-31,-37,-85,-30,-47,-8,-5,-75,-46,-53,-21,-2,-63,-58,-81,-20,-88,-78,-35,-84,-61,-25,-80,-49,-43,-74,-28,-18,-41,-1,-34,-55,-69,-73,-3,-36,-38,-83,-40,-54,-52,-11,-9,-71,-86,-45,-24,-68,-10,-51,-82,-70,-7,-42
-83,-14,-5,-27,-43,-10,-48,-7,-42,-70,-46,-3,-9,-82,-37,-57,-12,-31,-13,-11,-86,-73,-24,-38,-44,-2,-79,-87,-34,-35,-54,-64,-4,-21,-74,-33,-25,-65,-68,-8,-63,-18,-51,-72,-26,-85,-32,-36,-28,-59,-20,-52,-88,-61,-78,-50,-45,-49,-39,-60,-58,-30,-6,-81,-75,-47,-53,-62,-55,-80,-16,-23,-15,-66,-17,-84,-1,-40,-67,-69,-76,-19,-71,-56,-29,-41,-22,-77
-80,-45,-81,-78,-69,-87,-55,-28,-38,-51,-23,-24,-84,-11,-88,-52,-73,-47,-79,-9,-37,-18,-72,-21,-8,-65,-70,-85,-10,-36,-58,-19,-12,-54,-16,-41,-5,-76,-44,-20,-46,-64,-71,-53,-25,-6,-68,-75,-15,-66,-26,-30,-59,-61,-2,-56,-32,-13,-31,-86,-74,-33,-17,-67,-48,-14,-27,-42,-82,-62,-43,-1,-3,-35,-83,-4,-29,-39,-34,-77,-49,-50,-7,-57,-40,-22,-60,-63
-70,-52,-81,-71,-17,-56,-1,-23,-69,-11,-54,-55,-47,-48,-76,-44,-33,-49,-78,-20,-9,-83,-64,-15,-87,-14,-75,-19,-32,-37,-13,-40,-61,-88,-6,-68,-27,-26,-73,-3,-12,-24,-7,-50,-8,-84,-67,-53,-16,-86,-31,-21,-29,-59,-82,-25,-65,-39,-36,-58,-72,-38,-60,-34,-42,-43,-45,-85,-30,-10,-18,-35,-77,-22,-79,-66,-46,-63,-80,-62,-5,-57,-28,-4,-41,-51,-74,-2
-80,-33,-35,-28,-55,-34,-66,-18,-87,-45,-44,-8,-30,-56,-73,-12,-50,-22,-52,-3,-10,-61,-14,-63,-58,-60,-6,-88,-7,-17,-38,-16,-26,-81,-54,-42,-37,-67,-53,-23,-13,-65,-19,-72,-41,-1,-2,-9,-24,-76,-5,-71,-77,-78,-84,-74,-70,-31,-49,-27,-48,-20,-59,-25,-46,-68,-32,-86,-85,-15,-36,-39,-4,-29,-62,-75,-51,-47,-43,-79,-82,-40,-64,-69,-83,-11,-21,-57
-53,-84,-12,-18,-76,-57,-38,-21,-70,-29,-68,-3,-25,-55,-46,-80,-5,-47,-43,-83,-52,-30,-19,-13,-50,-34,-71,-40,-45,-74,-81,-88,-10,-28,-86,-36,-2,-17,-59,-15,-78,-9,-61,-62,-42,-63,-67,-23,-24,-73,-22,-87,-66,-39,-35,-65,-58,-1,-49,-16,-51,-54,-4,-20,-64,-75,-8,-6,-72,-32,-44,-69,-79,-33,-48,-82,-27,-41,-7,-37,-60,-77,-11,-14,-56,-85,-26,-31
-10,-84,-37,-40,-68,-88,-13,-59,-18,-79,-66,-30,-39,-76,-78,-12,-72,-21,-57,-63,-44,-52,-9,-61,-77,-82,-3,-32,-26,-24,-23,-50,-35,-11,-38,-49,-46,-8,-36,-28,-51,-5,-42,-71,-34,-17,-25,-6,-27,-31,-29,-45,-65,-70,-80,-48,-85,-54,-74,-67,-87,-83,-75,-56,-47,-20,-33,-64,-86,-69,-2,-7,-43,-53,-4,-73,-19,-41,-55,-15,-62,-14,-81,-58,-22,-1,-16,-60
-84,-85,-16,-81,-8,-75,-64,-61,-47,-53,-80,-86,-45,-58,-30,-79,-20,-13,-43,-60,-68,-32,-44,-17,-11,-24,-69,-56,-1,-37,-31,-9,-21,-27,-28,-40,-77,-52,-66,-70,-59,-82,-83,-74,-10,-63,-5,-14,-42,-87,-2,-49,-65,-36,-22,-54,-12,-50,-29,-41,-7,-39,-71,-38,-6,-55,-23,-34,-78,-15,-62,-46,-73,-18,-33,-48,-4,-35,-72,-76,-3,-57,-88,-51,-25,-26,-67,-19
-48,-36,-1,-46,-11,-26,-38,-13,-28,-34,-29,-49,-54,-70,-37,-50,-15,-66,-82,-73,-44,-35,-5,-23,-2,-76,-69,-3,-16,-59,-41,-63,-8,-71,-51,-74,-47,-27,-57,-43,-31,-20,-80,-58,-4,-78,-14,-53,-64,-79,-45,-17,-72,-67,-60,-88,-6,-10,-81,-52,-55,-39,-75,-33,-77,-24,-7,-21,-68,-61,-40,-62,-86,-22,-12,-65,-42,-25,-56,-83,-18,-32,-30,-87,-85,-9,-19,-84
-82,-80,-45,-62,-39,-17,-35,-12,-52,-19,-55,-18,-9,-24,-77,-27,-75,-33,-86,-58,-85,-21,-51,-44,-8,-36,-60,-47,-34,-23,-72,-70,-5,-69,-50,-73,-65,-7,-14,-1,-54,-48,-26,-57,-59,-15,-31,-10,-71,-11,-38,-53,-78,-66,-46,-68,-29,-41,-40,-79,-49,-83,-84,-6,-22,-43,-2,-76,-63,-28,-4,-20,-64,-30,-25,-67,-61,-32,-13,-37,-81,-87,-88,-56,-3,-16,-42,-74
-81,-4,-19,-32,-5,-21,-20,-24,-46,-51,-49,-56,-60,-72,-82,-79,-47,-7,-33,-65,-88,-35,-27,-63,-61,-42,-29,-85,-78,-59,-40,-37,-45,-48,-28,-84,-9,-30,-36,-13,-52,-77,-14,-73,-64,-34,-1,-26,-55,-83,-3,-18,-43,-71,-38,-54,-6,-8,-62,-87,-41,-74,-2,-25,-31,-68,-50,-76,-69,-23,-15,-44,-10,-70,-67,-75,-11,-39,-66,-80,-22,-86,-53,-57,-58,-16,-17,-12
-5,-25,-31,-26,-86,-36,-53,-67,-22,-41,-9,-40,-50,-81,-15,-63,-68,-71,-39,-49,-88,-54,-1,-44,-3,-61,-12,-69,-29,-78,-57,-85,-6,-87,-76,-42,-11,-43,-35,-21,-55,-51,-64,-60,-10,-14,-7,-27,-24,-75,-28,-17,-72,-56,-74,-34,-73,-19,-38,-46,-65,-70,-33,-58,-20,-23,-2,-16,-66,-37,-32,-59,-48,-8,-62,-84,-13,-45,-47,-83,-82,-52,-30,-79,-18,-80,-77,-4
-71,-38,-3,-51,-31,-27,-39,-74,-79,-21,-60,-47,-49,-7,-83,-69,-13,-66,-23,-77,-75,-6,-14,-88,-33,-68,-64,-34,-26,-28,-25,-16,-4,-63,-85,-19,-35,-50,-44,-2,-20,-18,-36,-5,-30,-15,-59,-9,-40,-87,-1,-84,-86,-41,-54,-22,-46,-57,-82,-55,-17,-80,-56,-45,-62,-48,-76,-81,-12,-65,-32,-10,-42,-53,-29,-72,-67,-61,-70,-58,-43,-52,-8,-78,-37,-73,-11,-24
-54,-11,-47,-16,-50,-58,-17,-53,-55,-78,-71,-46,-73,-59,-64,-66,-18,-35,-30,-5,-39,-26,-84,-14,-57,-56,-45,-6,-10,-63,-60,-62,-86,-29,-3,-34,-23,-43,-76,-13,-7,-38,-75,-82,-1,-27,-67,-44,-28,-85,-2,-25,-48,-61,-52,-70,-68,-41,-24,-81,-74,-72,-87,-51,-79,-20,-77,-31,-21,-12,-4,-36,-22,-19,-32,-88,-33,-15,-42,-80,-8,-69,-9,-83,-40,-65,-37,-49
